id_devolucion,id_orden,id_producto,cantidad,motivo,fecha_devolucion,reembolso_pct
1,2430,3.0,1,Cambio de opinión,2023-12-16 11:36:00,100
2,2430,28.0,3,No coincide descripción,2023-12-22 11:36:00,100
3,2430,11.0,1,Defecto,2023-12-21 11:36:00,100
4,2430,49.0,3,Llegó tarde,2023-12-24 11:36:00,80
5,2430,59.0,2,No coincide descripción,2023-12-17 11:36:00,80
6,2194,13.0,1,Talla/Modelo incorrecto,2023-12-21 19:46:00,100
7,444,2.0,4,Llegó tarde,2024-04-08 21:28:00,100
8,1036,30.0,4,Defecto,2025-07-02 08:00:00,80
9,1036,25.0,1,Defecto,2025-07-03 08:00:00,100
10,1036,63.0,1,Defecto,2025-07-02 08:00:00,100
11,596,80.0,1,No coincide descripción,2023-02-04 21:06:00,100
12,596,49.0,1,Cambio de opinión,2023-01-22 21:06:00,50
13,596,34.0,2,Cambio de opinión,2023-02-04 21:06:00,80
14,596,63.0,1,Llegó tarde,2023-01-31 21:06:00,100
15,596,70.0,1,Talla/Modelo incorrecto,2023-02-03 21:06:00,100
16,596,52.0,2,Cambio de opinión,2023-01-20 21:06:00,100
17,1491,47.0,2,Defecto,2025-03-06 10:53:00,80
18,3746,24.0,2,No coincide descripción,2023-08-23 21:40:00,80
19,1714,9.0,2,Dañado en envío,2023-12-08 18:53:00,80
20,4374,62.0,1,No coincide descripción,2025-03-15 21:48:00,100
21,474,42.0,1,Llegó tarde,2025-08-29 08:40:00,100
22,474,8.0,1,Defecto,2025-08-29 08:40:00,100
23,530,59.0,2,Cambio de opinión,2025-07-17 10:57:00,100
24,530,63.0,1,Defecto,2025-07-24 10:57:00,100
25,530,73.0,1,Llegó tarde,2025-07-19 10:57:00,100
26,2613,59.0,1,Dañado en envío,2023-06-08 14:57:00,80
27,2613,42.0,2,Talla/Modelo incorrecto,2023-06-08 14:57:00,100
28,2613,26.0,1,Cambio de opinión,2023-05-31 14:57:00,100
29,2613,68.0,4,Dañado en envío,2023-06-04 14:57:00,80
30,2613,50.0,2,Talla/Modelo incorrecto,2023-05-29 14:57:00,100
31,4898,59.0,1,Defecto,2024-12-31 15:58:00,100
32,4898,31.0,1,Cambio de opinión,2024-12-31 15:58:00,100
33,4898,36.0,1,Dañado en envío,2025-01-14 15:58:00,100
34,4898,57.0,1,Dañado en envío,2025-01-11 15:58:00,100
35,4898,18.0,1,No coincide descripción,2024-12-29 15:58:00,100
36,4898,49.0,1,Defecto,2024-12-29 15:58:00,100
37,3771,51.0,1,No coincide descripción,2025-09-19 16:26:00,100
38,3771,23.0,1,Cambio de opinión,2025-09-06 16:26:00,80
39,2305,30.0,4,Defecto,2025-12-31 13:49:00,80
40,4515,23.0,1,No coincide descripción,2024-07-17 09:59:00,100
41,3106,64.0,1,No coincide descripción,2023-09-10 08:10:00,80
42,3106,28.0,2,Dañado en envío,2023-09-04 08:10:00,100
43,3429,58.0,2,Defecto,2023-11-04 08:15:00,100
44,3429,79.0,2,Cambio de opinión,2023-11-05 08:15:00,100
45,243,10.0,1,Llegó tarde,2024-07-05 17:24:00,100
46,243,41.0,2,No coincide descripción,2024-07-08 17:24:00,100
47,168,29.0,1,Cambio de opinión,2024-09-05 21:37:00,100
48,1837,72.0,1,No coincide descripción,2024-01-04 15:07:00,100
49,1837,9.0,1,Cambio de opinión,2024-01-03 15:07:00,100
50,1837,67.0,1,Cambio de opinión,2024-01-09 15:07:00,100
51,1837,59.0,1,Llegó tarde,2024-01-01 15:07:00,100
52,1152,54.0,3,Defecto,2025-07-19 12:29:00,100
53,512,69.0,1,Cambio de opinión,2025-04-21 13:32:00,100
54,4888,39.0,2,Dañado en envío,2025-06-22 08:44:00,100
55,4888,5.0,2,Cambio de opinión,2025-06-19 08:44:00,80
56,4888,49.0,1,Defecto,2025-06-16 08:44:00,80
57,4888,67.0,1,Llegó tarde,2025-06-13 08:44:00,100
58,561,2.0,2,Llegó tarde,2023-12-27 17:37:00,100
59,2580,31.0,1,Llegó tarde,2024-07-10 11:21:00,100
60,4541,28.0,1,No coincide descripción,2023-06-01 10:11:00,80
61,1724,31.0,1,Defecto,2025-07-23 17:30:00,50
62,4556,4.0,1,Defecto,2024-12-07 15:31:00,100
63,2982,5.0,2,Defecto,2023-12-22 08:25:00,100
64,2982,33.0,3,Defecto,2023-12-29 08:25:00,100
65,475,79.0,2,Cambio de opinión,2025-03-14 13:16:00,100
66,475,8.0,1,Llegó tarde,2025-03-22 13:16:00,100
67,475,25.0,4,Llegó tarde,2025-03-21 13:16:00,100
68,2043,28.0,1,Dañado en envío,2024-09-19 08:19:00,100
69,4642,25.0,1,Cambio de opinión,2023-01-15 10:38:00,100
70,4642,34.0,1,Defecto,2023-01-03 10:38:00,100
71,4642,65.0,2,Dañado en envío,2023-01-18 10:38:00,100
72,4642,26.0,3,Llegó tarde,2023-01-15 10:38:00,100
73,4046,18.0,1,Cambio de opinión,2025-01-23 19:49:00,100
74,4046,17.0,1,Llegó tarde,2025-01-29 19:49:00,100
75,4046,15.0,1,Defecto,2025-01-15 19:49:00,50
76,4012,62.0,1,Defecto,2023-02-02 14:30:00,100
77,3101,24.0,2,No coincide descripción,2024-01-28 11:11:00,80
78,3814,19.0,4,Cambio de opinión,2024-04-19 09:25:00,80
79,3814,42.0,1,Defecto,2024-04-01 09:25:00,50
80,2426,43.0,3,No coincide descripción,2024-12-17 09:09:00,100
81,2426,48.0,3,Llegó tarde,2024-12-12 09:09:00,100
82,2426,26.0,2,Dañado en envío,2024-12-19 09:09:00,100
83,2426,58.0,1,Cambio de opinión,2024-12-16 09:09:00,100
84,2426,7.0,1,Dañado en envío,2024-12-20 09:09:00,100
85,3911,67.0,1,No coincide descripción,2025-05-29 21:09:00,100
86,3312,79.0,2,Defecto,2023-05-20 15:01:00,100
87,3312,42.0,3,No coincide descripción,2023-05-26 15:01:00,100
88,1112,63.0,1,Cambio de opinión,2024-10-29 12:52:00,80
89,1112,76.0,1,Cambio de opinión,2024-10-23 12:52:00,100
90,1112,13.0,2,Talla/Modelo incorrecto,2024-10-21 12:52:00,100
91,1112,3.0,1,Cambio de opinión,2024-10-22 12:52:00,100
92,374,26.0,2,No coincide descripción,2023-06-23 10:49:00,80
93,1154,28.0,2,Cambio de opinión,2023-07-12 10:51:00,80
94,1154,43.0,1,Cambio de opinión,2023-07-13 10:51:00,100
95,1154,50.0,2,No coincide descripción,2023-07-22 10:51:00,80
96,1154,34.0,2,No coincide descripción,2023-07-25 10:51:00,80
97,1154,5.0,1,Defecto,2023-07-14 10:51:00,50
98,3715,20.0,1,No coincide descripción,2023-03-03 19:42:00,80
99,3782,42.0,2,Cambio de opinión,2023-10-27 21:33:00,80
100,3782,38.0,1,No coincide descripción,2023-11-04 21:33:00,100
101,3782,45.0,1,No coincide descripción,2023-11-07 21:33:00,80
102,3782,56.0,2,No coincide descripción,2023-11-08 21:33:00,100
103,3220,9.0,2,Cambio de opinión,2024-07-05 18:32:00,50
104,2014,16.0,3,Talla/Modelo incorrecto,2024-03-12 18:31:00,100
105,2546,12.0,1,No coincide descripción,2025-04-26 11:11:00,100
106,2546,30.0,1,Dañado en envío,2025-05-10 11:11:00,50
107,2546,73.0,1,Cambio de opinión,2025-05-03 11:11:00,100
108,3922,26.0,1,Dañado en envío,2025-03-01 09:50:00,100
109,3922,19.0,1,Defecto,2025-02-25 09:50:00,80
110,3922,40.0,1,Llegó tarde,2025-02-26 09:50:00,100
111,3922,28.0,2,Talla/Modelo incorrecto,2025-02-20 09:50:00,50
112,2151,26.0,4,Cambio de opinión,2024-01-17 08:48:00,100
113,2450,69.0,1,Talla/Modelo incorrecto,2024-02-16 16:21:00,100
114,2653,73.0,1,Defecto,2024-12-23 18:41:00,100
115,2653,57.0,2,Cambio de opinión,2024-12-18 18:41:00,100
116,2653,49.0,4,Cambio de opinión,2024-12-05 18:41:00,100
117,2653,35.0,2,Llegó tarde,2024-12-13 18:41:00,100
118,2653,20.0,1,Defecto,2024-12-11 18:41:00,100
119,4308,7.0,2,Cambio de opinión,2025-06-15 13:48:00,100
120,2847,73.0,1,Talla/Modelo incorrecto,2023-12-04 16:03:00,100
121,2847,64.0,2,No coincide descripción,2023-12-06 16:03:00,100
122,2847,71.0,1,Defecto,2023-12-04 16:03:00,100
123,2847,48.0,1,No coincide descripción,2023-11-29 16:03:00,100
124,2847,14.0,2,Talla/Modelo incorrecto,2023-11-26 16:03:00,80
125,2847,44.0,1,Dañado en envío,2023-11-29 16:03:00,80
126,2847,61.0,4,Dañado en envío,2023-12-03 16:03:00,80
127,4399,71.0,1,Defecto,2024-10-21 18:58:00,100
128,4399,73.0,1,No coincide descripción,2024-10-22 18:58:00,100
129,782,50.0,3,Defecto,2024-05-24 16:20:00,100
130,782,15.0,4,No coincide descripción,2024-05-09 16:20:00,80
131,782,32.0,1,Defecto,2024-05-10 16:20:00,100
132,782,61.0,3,Cambio de opinión,2024-05-20 16:20:00,80
133,782,19.0,1,Llegó tarde,2024-05-09 16:20:00,100
134,2851,9.0,2,Talla/Modelo incorrecto,2024-11-01 08:01:00,100
135,2851,63.0,2,No coincide descripción,2024-10-24 08:01:00,100
136,260,27.0,1,Defecto,2025-07-01 11:54:00,100
137,4639,40.0,2,Dañado en envío,2024-10-05 19:59:00,100
138,671,7.0,1,Talla/Modelo incorrecto,2024-01-12 14:56:00,100
139,4922,69.0,2,Defecto,2023-12-18 12:58:00,100
140,91,30.0,1,Llegó tarde,2025-10-09 09:55:00,100
141,91,37.0,2,Dañado en envío,2025-10-10 09:55:00,100
142,91,2.0,3,Defecto,2025-10-18 09:55:00,100
143,91,15.0,2,No coincide descripción,2025-10-07 09:55:00,100
144,91,55.0,1,Cambio de opinión,2025-10-05 09:55:00,100
145,1732,56.0,4,Cambio de opinión,2023-02-18 11:33:00,80
146,1732,16.0,2,Talla/Modelo incorrecto,2023-02-20 11:33:00,80
147,1732,66.0,1,Dañado en envío,2023-02-10 11:33:00,80
148,1732,55.0,1,Defecto,2023-02-21 11:33:00,100
149,1732,61.0,1,Llegó tarde,2023-02-20 11:33:00,100
150,1732,79.0,1,Dañado en envío,2023-02-09 11:33:00,100
151,1846,65.0,2,Llegó tarde,2025-06-06 11:26:00,50
152,813,23.0,3,No coincide descripción,2025-05-07 08:01:00,50
153,813,8.0,1,No coincide descripción,2025-05-06 08:01:00,80
154,813,10.0,1,No coincide descripción,2025-04-24 08:01:00,100
155,813,15.0,1,Llegó tarde,2025-05-03 08:01:00,100
156,4728,30.0,4,Defecto,2025-10-26 12:25:00,100
157,4728,9.0,1,Defecto,2025-11-05 12:25:00,100
158,3806,23.0,1,No coincide descripción,2024-02-01 19:07:00,100
159,3806,29.0,1,Dañado en envío,2024-01-31 19:07:00,100
160,731,6.0,1,Defecto,2025-03-02 14:05:00,80
161,731,42.0,1,No coincide descripción,2025-02-24 14:05:00,100
162,358,8.0,2,Defecto,2025-05-18 12:07:00,100
163,1137,44.0,3,Defecto,2025-02-21 15:47:00,100
164,3542,52.0,4,Llegó tarde,2025-03-09 11:30:00,100
165,3542,39.0,1,Llegó tarde,2025-03-08 11:30:00,100
166,3542,54.0,1,Defecto,2025-03-13 11:30:00,50
167,3542,3.0,1,Talla/Modelo incorrecto,2025-03-20 11:30:00,100
168,3542,41.0,2,Cambio de opinión,2025-03-10 11:30:00,100
169,3382,34.0,1,Cambio de opinión,2025-05-23 16:28:00,100
170,3382,78.0,1,Cambio de opinión,2025-05-28 16:28:00,100
171,3382,77.0,1,Talla/Modelo incorrecto,2025-05-20 16:28:00,80
172,2440,50.0,2,Defecto,2025-07-25 14:43:00,80
173,4837,77.0,4,Cambio de opinión,2025-11-20 15:07:00,100
174,4837,41.0,1,Defecto,2025-11-12 15:07:00,100
175,4837,39.0,1,Cambio de opinión,2025-11-16 15:07:00,50
176,4649,79.0,1,Cambio de opinión,2024-01-18 21:15:00,100
177,4649,48.0,4,Defecto,2024-01-19 21:15:00,100
178,4649,13.0,1,Cambio de opinión,2024-01-30 21:15:00,100
179,1162,62.0,3,Defecto,2025-08-01 16:47:00,100
180,4864,76.0,3,Llegó tarde,2024-08-25 22:15:00,100
181,4224,24.0,2,No coincide descripción,2023-02-04 20:58:00,100
182,2923,72.0,1,No coincide descripción,2025-11-05 22:07:00,100
183,2923,64.0,3,Defecto,2025-10-28 22:07:00,100
184,2923,42.0,1,Talla/Modelo incorrecto,2025-10-27 22:07:00,100
185,2923,80.0,1,Dañado en envío,2025-11-07 22:07:00,100
186,2923,49.0,1,Defecto,2025-10-25 22:07:00,80
187,1207,47.0,3,Cambio de opinión,2023-03-01 19:44:00,100
188,1207,70.0,1,No coincide descripción,2023-03-10 19:44:00,100
189,1207,62.0,2,Dañado en envío,2023-03-07 19:44:00,100
190,1207,8.0,1,Dañado en envío,2023-03-07 19:44:00,80
191,1207,41.0,1,Llegó tarde,2023-03-04 19:44:00,100
192,1207,53.0,1,Talla/Modelo incorrecto,2023-03-18 19:44:00,100
193,1207,33.0,2,Defecto,2023-03-15 19:44:00,100
194,3364,2.0,2,Llegó tarde,2024-08-03 17:32:00,80
195,722,42.0,1,Cambio de opinión,2023-01-12 19:13:00,50
196,722,23.0,1,Talla/Modelo incorrecto,2023-01-10 19:13:00,80
197,722,12.0,1,Cambio de opinión,2023-01-23 19:13:00,100
198,2459,26.0,2,Cambio de opinión,2024-03-27 17:40:00,80
199,1529,37.0,1,Defecto,2025-07-15 15:42:00,100
200,1529,61.0,1,Defecto,2025-07-24 15:42:00,100
201,1529,38.0,3,Dañado en envío,2025-07-30 15:42:00,100
202,1529,4.0,1,Dañado en envío,2025-07-20 15:42:00,100
203,1529,69.0,1,Defecto,2025-07-24 15:42:00,100
204,1529,32.0,1,Cambio de opinión,2025-07-13 15:42:00,50
205,1529,72.0,3,No coincide descripción,2025-07-19 15:42:00,80
206,2657,2.0,1,No coincide descripción,2023-10-08 22:50:00,80
207,2657,66.0,3,No coincide descripción,2023-10-09 22:50:00,100
208,4080,60.0,1,Cambio de opinión,2023-02-03 22:59:00,100
209,4080,55.0,2,Defecto,2023-02-08 22:59:00,80
210,4080,4.0,2,Cambio de opinión,2023-01-30 22:59:00,80
211,3292,3.0,3,Cambio de opinión,2023-03-02 13:27:00,100
212,515,40.0,3,Defecto,2023-06-01 11:49:00,100
213,2958,75.0,4,Defecto,2025-05-05 22:53:00,100
214,2958,7.0,1,Defecto,2025-05-14 22:53:00,50
215,4199,7.0,1,No coincide descripción,2023-02-16 12:07:00,100
216,4199,57.0,1,Cambio de opinión,2023-02-05 12:07:00,100
217,4199,10.0,2,Defecto,2023-02-01 12:07:00,80
218,4039,46.0,1,Talla/Modelo incorrecto,2024-11-09 11:18:00,100
219,4162,39.0,1,No coincide descripción,2023-08-26 17:27:00,80
220,801,18.0,1,Dañado en envío,2024-12-27 10:08:00,50
221,2874,75.0,2,Dañado en envío,2024-09-13 13:27:00,50
222,2874,33.0,1,Cambio de opinión,2024-09-15 13:27:00,100
223,2874,51.0,4,Cambio de opinión,2024-09-12 13:27:00,100
224,2874,53.0,2,No coincide descripción,2024-09-15 13:27:00,100
225,2874,5.0,4,Cambio de opinión,2024-09-25 13:27:00,100
226,2874,2.0,1,No coincide descripción,2024-09-10 13:27:00,100
227,1501,8.0,1,Cambio de opinión,2025-07-04 20:36:00,80
228,1501,16.0,1,Defecto,2025-07-16 20:36:00,100
229,1501,21.0,2,Cambio de opinión,2025-07-18 20:36:00,100
230,1501,63.0,3,Cambio de opinión,2025-07-12 20:36:00,100
231,1501,14.0,1,Dañado en envío,2025-07-10 20:36:00,100
232,1501,47.0,1,No coincide descripción,2025-07-18 20:36:00,100
233,1501,73.0,3,Defecto,2025-07-18 20:36:00,100
234,1665,38.0,2,Defecto,2024-09-27 15:35:00,50
235,1665,73.0,1,Defecto,2024-10-04 15:35:00,100
236,1665,23.0,1,Talla/Modelo incorrecto,2024-09-25 15:35:00,80
237,4112,50.0,1,Defecto,2024-08-07 08:19:00,100
238,4112,75.0,4,Cambio de opinión,2024-08-02 08:19:00,100
239,4282,58.0,1,Defecto,2025-08-13 18:05:00,100
240,2012,14.0,2,No coincide descripción,2024-04-05 17:45:00,100
241,2012,20.0,3,Defecto,2024-04-01 17:45:00,100
242,2012,71.0,1,Defecto,2024-04-03 17:45:00,100
243,669,71.0,1,Dañado en envío,2024-04-26 16:47:00,100
244,669,52.0,3,Cambio de opinión,2024-04-27 16:47:00,80
245,1729,10.0,3,Cambio de opinión,2024-12-19 22:29:00,100
246,1729,60.0,1,Talla/Modelo incorrecto,2024-12-04 22:29:00,100
247,662,56.0,1,No coincide descripción,2023-10-21 08:35:00,80
248,4668,60.0,3,Defecto,2023-11-25 13:32:00,100
249,4668,69.0,1,Llegó tarde,2023-11-24 13:32:00,100
250,4668,25.0,1,Defecto,2023-11-27 13:32:00,100
251,4490,58.0,1,Defecto,2024-07-12 20:18:00,100
252,4490,18.0,1,Defecto,2024-07-10 20:18:00,100
253,4490,46.0,3,Cambio de opinión,2024-07-09 20:18:00,80
254,4490,55.0,1,Defecto,2024-07-11 20:18:00,100
255,1840,20.0,1,No coincide descripción,2024-03-19 14:37:00,80
256,1840,59.0,1,Cambio de opinión,2024-03-18 14:37:00,100
257,1840,31.0,1,Defecto,2024-03-25 14:37:00,80
258,1840,57.0,2,No coincide descripción,2024-03-12 14:37:00,100
259,1840,16.0,1,No coincide descripción,2024-03-16 14:37:00,100
260,1161,56.0,1,Cambio de opinión,2024-01-11 08:25:00,100
261,1161,50.0,1,Defecto,2024-01-06 08:25:00,100
262,1161,46.0,1,Talla/Modelo incorrecto,2024-01-06 08:25:00,100
263,3604,47.0,1,Defecto,2023-02-06 18:17:00,100
264,2612,42.0,2,Dañado en envío,2023-01-20 21:40:00,100
265,2612,67.0,2,No coincide descripción,2023-01-16 21:40:00,100
266,2612,39.0,1,Dañado en envío,2023-01-14 21:40:00,100
267,2612,3.0,2,No coincide descripción,2023-01-21 21:40:00,50
268,482,38.0,1,Cambio de opinión,2025-08-21 19:30:00,100
269,482,76.0,1,No coincide descripción,2025-08-27 19:30:00,100
270,1671,41.0,2,No coincide descripción,2023-02-12 21:32:00,100
271,124,28.0,1,Dañado en envío,2025-08-25 19:19:00,80
272,3224,67.0,3,No coincide descripción,2024-05-05 20:47:00,100
273,1538,47.0,1,Cambio de opinión,2024-10-31 16:56:00,100
274,4536,57.0,3,Defecto,2024-12-18 18:18:00,100
275,4819,2.0,1,No coincide descripción,2025-08-28 08:22:00,80
276,4819,78.0,3,Defecto,2025-09-01 08:22:00,80
277,4819,22.0,1,No coincide descripción,2025-08-29 08:22:00,100
278,4819,43.0,1,Defecto,2025-08-30 08:22:00,50
279,4819,25.0,1,Cambio de opinión,2025-08-23 08:22:00,100
280,1929,51.0,2,Defecto,2025-11-29 20:51:00,80
281,2069,24.0,1,Defecto,2024-04-16 10:03:00,50
282,2652,68.0,2,Cambio de opinión,2024-12-03 14:37:00,100
283,116,5.0,2,Dañado en envío,2025-07-31 09:43:00,80
284,4810,20.0,3,Cambio de opinión,2024-07-22 09:15:00,100
285,4810,4.0,1,Defecto,2024-07-17 09:15:00,100
286,1110,47.0,1,Cambio de opinión,2025-05-21 11:20:00,80
287,1110,32.0,4,Llegó tarde,2025-05-24 11:20:00,100
288,2887,36.0,1,Talla/Modelo incorrecto,2024-09-19 14:42:00,100
289,2887,14.0,2,Dañado en envío,2024-09-21 14:42:00,100
290,2687,53.0,3,Cambio de opinión,2023-07-17 13:03:00,100
291,2687,40.0,1,Cambio de opinión,2023-07-28 13:03:00,100
292,2687,16.0,1,Llegó tarde,2023-07-17 13:03:00,100
293,2687,66.0,4,Defecto,2023-07-23 13:03:00,100
294,2687,56.0,1,Dañado en envío,2023-07-22 13:03:00,80
295,2196,64.0,2,No coincide descripción,2025-07-16 18:23:00,100
296,2196,45.0,2,Defecto,2025-07-11 18:23:00,100
297,2196,66.0,1,Defecto,2025-07-17 18:23:00,100
298,2704,68.0,2,Cambio de opinión,2025-06-03 19:57:00,80
299,2704,46.0,1,Defecto,2025-05-31 19:57:00,100
300,4331,67.0,1,Defecto,2024-10-08 16:52:00,100
301,3699,3.0,2,Cambio de opinión,2025-02-13 15:25:00,80
302,4483,37.0,1,Cambio de opinión,2025-08-03 09:08:00,100
303,4579,39.0,1,Dañado en envío,2023-09-29 14:50:00,100
304,3565,38.0,3,Talla/Modelo incorrecto,2023-01-27 10:28:00,100
305,1995,14.0,3,Cambio de opinión,2024-01-27 22:01:00,80
306,1922,63.0,1,No coincide descripción,2024-04-23 20:00:00,100
307,3903,5.0,2,Defecto,2024-06-19 12:24:00,100
308,524,20.0,1,No coincide descripción,2025-10-29 16:24:00,100
309,524,48.0,1,Cambio de opinión,2025-11-06 16:24:00,100
310,3567,31.0,1,Llegó tarde,2024-05-22 16:21:00,100
311,3567,8.0,1,Cambio de opinión,2024-05-30 16:21:00,100
312,3567,40.0,2,Talla/Modelo incorrecto,2024-05-23 16:21:00,100
313,3567,27.0,3,Defecto,2024-05-30 16:21:00,80
314,3246,17.0,3,Defecto,2025-12-04 21:33:00,100
315,3246,70.0,1,Cambio de opinión,2025-12-01 21:33:00,100
316,3246,2.0,1,No coincide descripción,2025-11-20 21:33:00,100
317,3246,55.0,1,Llegó tarde,2025-11-27 21:33:00,50
318,3246,66.0,1,No coincide descripción,2025-11-27 21:33:00,100
319,3246,23.0,2,Talla/Modelo incorrecto,2025-11-20 21:33:00,100
320,2953,59.0,1,Cambio de opinión,2023-12-15 22:28:00,100
321,4589,18.0,1,No coincide descripción,2023-09-12 08:31:00,100
322,4589,74.0,3,Cambio de opinión,2023-09-27 08:31:00,100
323,846,74.0,1,No coincide descripción,2024-11-26 14:48:00,50
324,1557,36.0,1,Cambio de opinión,2023-12-13 12:43:00,100
325,702,29.0,1,Defecto,2024-04-04 11:08:00,100
326,702,24.0,2,Llegó tarde,2024-04-14 11:08:00,100
327,628,21.0,3,Talla/Modelo incorrecto,2024-05-30 08:36:00,50
328,628,45.0,1,No coincide descripción,2024-05-16 08:36:00,80
329,659,76.0,1,Defecto,2024-04-24 08:06:00,100
330,659,69.0,1,Dañado en envío,2024-05-04 08:06:00,50
331,659,7.0,3,Talla/Modelo incorrecto,2024-04-23 08:06:00,100
332,659,51.0,1,Cambio de opinión,2024-04-27 08:06:00,100
333,3792,34.0,1,No coincide descripción,2024-11-06 22:24:00,100
334,1769,73.0,2,No coincide descripción,2024-11-30 20:35:00,100
335,1769,21.0,2,Defecto,2024-11-28 20:35:00,80
336,1769,33.0,2,Cambio de opinión,2024-12-09 20:35:00,100
337,4786,26.0,3,Dañado en envío,2025-10-23 21:02:00,100
338,2120,20.0,4,Llegó tarde,2023-02-17 08:15:00,80
339,2120,23.0,1,Dañado en envío,2023-03-02 08:15:00,100
340,4086,60.0,2,Cambio de opinión,2025-12-31 11:18:00,100
341,4086,18.0,2,No coincide descripción,2026-01-09 11:18:00,80
342,2534,36.0,3,Cambio de opinión,2025-05-05 10:44:00,100
343,2839,58.0,1,Talla/Modelo incorrecto,2023-03-28 10:35:00,50
344,4187,43.0,1,No coincide descripción,2023-03-05 19:27:00,100
345,4362,55.0,3,Llegó tarde,2025-02-13 21:52:00,50
346,509,52.0,2,Cambio de opinión,2024-12-25 17:27:00,100
347,4501,39.0,2,Dañado en envío,2025-07-30 18:09:00,100
348,1811,66.0,2,Talla/Modelo incorrecto,2023-02-01 19:53:00,80
349,1811,2.0,1,Defecto,2023-01-27 19:53:00,100
350,1811,78.0,2,Defecto,2023-02-09 19:53:00,100
351,2446,61.0,2,No coincide descripción,2024-07-13 20:06:00,80
352,2446,7.0,2,No coincide descripción,2024-07-18 20:06:00,100
353,2446,78.0,1,Defecto,2024-07-02 20:06:00,100
354,2446,38.0,1,Cambio de opinión,2024-07-14 20:06:00,80
355,4445,21.0,1,Defecto,2023-06-18 17:57:00,100
356,2521,19.0,2,Dañado en envío,2023-09-28 08:11:00,80
357,1753,77.0,1,Dañado en envío,2023-09-03 16:00:00,100
358,969,10.0,1,Defecto,2025-03-05 16:32:00,50
359,3425,73.0,1,Cambio de opinión,2023-11-13 10:30:00,100
360,3425,66.0,1,Cambio de opinión,2023-11-01 10:30:00,100
361,3425,9.0,2,No coincide descripción,2023-11-05 10:30:00,100
362,1409,14.0,1,Talla/Modelo incorrecto,2025-04-10 14:30:00,100
363,1409,41.0,1,Dañado en envío,2025-04-13 14:30:00,100
364,1111,74.0,2,No coincide descripción,2024-06-08 14:58:00,100
365,1111,45.0,1,Defecto,2024-05-26 14:58:00,80
366,3085,63.0,1,Cambio de opinión,2024-09-17 21:15:00,80
367,4125,63.0,2,Defecto,2023-02-05 20:00:00,80
368,3733,54.0,1,Cambio de opinión,2023-02-01 10:52:00,100
369,2586,31.0,1,No coincide descripción,2024-09-11 17:10:00,100
370,1645,1.0,1,Dañado en envío,2025-08-09 18:35:00,50
371,1645,51.0,1,Llegó tarde,2025-08-04 18:35:00,100
372,1645,48.0,2,Defecto,2025-08-13 18:35:00,50
373,1645,55.0,2,Dañado en envío,2025-08-12 18:35:00,100
374,3093,47.0,3,No coincide descripción,2023-02-22 09:47:00,100
375,3029,56.0,2,Defecto,2023-11-14 08:14:00,100
376,1448,31.0,1,Defecto,2025-12-12 11:22:00,100
377,1448,34.0,1,No coincide descripción,2025-12-19 11:22:00,100
378,1448,9.0,3,Defecto,2025-12-23 11:22:00,100
379,1077,32.0,2,No coincide descripción,2023-07-08 18:34:00,100
380,1077,9.0,1,Cambio de opinión,2023-06-22 18:34:00,100
381,3451,7.0,4,Cambio de opinión,2025-07-10 11:40:00,50
382,1921,15.0,1,No coincide descripción,2025-06-16 20:18:00,100
383,1921,37.0,1,Cambio de opinión,2025-06-04 20:18:00,50
384,3212,51.0,2,Defecto,2024-08-09 11:05:00,100
385,3212,55.0,2,Defecto,2024-08-08 11:05:00,50
386,2791,75.0,2,Defecto,2024-03-21 16:14:00,100
387,2791,25.0,1,Defecto,2024-03-18 16:14:00,100
388,23,13.0,3,Talla/Modelo incorrecto,2025-08-10 10:03:00,100
389,2707,16.0,1,Defecto,2024-09-25 15:55:00,80
390,1564,17.0,2,Cambio de opinión,2025-03-27 11:32:00,100
391,4860,51.0,1,Llegó tarde,2025-12-18 20:03:00,100
392,4860,18.0,1,Cambio de opinión,2025-12-23 20:03:00,80
393,4860,2.0,2,Defecto,2025-12-18 20:03:00,100
394,4860,79.0,4,Llegó tarde,2025-12-24 20:03:00,100
395,4860,3.0,1,Talla/Modelo incorrecto,2025-12-29 20:03:00,80
396,4860,47.0,2,Llegó tarde,2026-01-01 20:03:00,100
397,4860,35.0,1,No coincide descripción,2025-12-20 20:03:00,100
398,630,34.0,1,No coincide descripción,2025-07-01 13:26:00,100
399,630,73.0,2,Defecto,2025-07-03 13:26:00,100
400,630,5.0,3,Defecto,2025-06-30 13:26:00,100
401,2531,23.0,2,Defecto,2024-03-18 20:02:00,100
402,4843,52.0,1,No coincide descripción,2023-11-01 08:20:00,100
403,4843,62.0,3,Defecto,2023-10-24 08:20:00,100
404,3057,37.0,1,Cambio de opinión,2023-04-24 20:41:00,100
405,3057,12.0,1,Cambio de opinión,2023-04-21 20:41:00,100
406,3057,56.0,1,Defecto,2023-04-17 20:41:00,80
407,3057,22.0,1,Llegó tarde,2023-04-20 20:41:00,100
408,3015,50.0,1,Cambio de opinión,2025-10-12 22:21:00,100
409,3015,60.0,3,Defecto,2025-10-26 22:21:00,100
410,3015,48.0,2,Defecto,2025-10-18 22:21:00,100
411,3015,29.0,2,Talla/Modelo incorrecto,2025-10-21 22:21:00,100
412,3015,23.0,4,No coincide descripción,2025-10-15 22:21:00,100
413,2683,24.0,1,Defecto,2023-04-01 10:43:00,100
414,4955,13.0,2,Cambio de opinión,2024-01-29 19:31:00,80
415,318,41.0,1,Talla/Modelo incorrecto,2023-08-18 13:54:00,80
416,1981,15.0,1,Talla/Modelo incorrecto,2023-02-20 19:24:00,100
417,1389,54.0,1,No coincide descripción,2024-10-01 14:50:00,100
418,1389,2.0,1,Defecto,2024-09-30 14:50:00,100
419,1389,28.0,1,No coincide descripción,2024-10-06 14:50:00,100
420,1237,25.0,1,Defecto,2023-10-26 13:47:00,100
421,1237,50.0,1,Defecto,2023-10-20 13:47:00,100
422,1237,32.0,1,Defecto,2023-11-02 13:47:00,80
423,1237,47.0,1,Cambio de opinión,2023-10-29 13:47:00,100
424,1237,46.0,2,Cambio de opinión,2023-11-05 13:47:00,100
425,2304,48.0,1,Dañado en envío,2024-02-12 12:17:00,100
426,2254,24.0,4,Cambio de opinión,2024-06-18 20:04:00,100
427,2254,53.0,1,Cambio de opinión,2024-06-23 20:04:00,100
428,4143,79.0,1,Dañado en envío,2023-09-04 15:10:00,100
429,4143,46.0,1,Defecto,2023-08-26 15:10:00,50
430,2665,75.0,1,Cambio de opinión,2023-11-14 10:15:00,100
431,2665,18.0,1,Talla/Modelo incorrecto,2023-12-01 10:15:00,50
432,2665,50.0,2,Cambio de opinión,2023-11-25 10:15:00,80
433,2665,78.0,2,Defecto,2023-11-17 10:15:00,100
434,4809,11.0,2,Dañado en envío,2023-02-20 12:51:00,80
435,4809,8.0,2,Cambio de opinión,2023-02-21 12:51:00,100
436,4809,32.0,1,Llegó tarde,2023-02-09 12:51:00,50
437,4809,60.0,3,Cambio de opinión,2023-02-16 12:51:00,80
438,4809,65.0,4,No coincide descripción,2023-02-14 12:51:00,100
439,2020,56.0,1,Llegó tarde,2023-06-05 21:19:00,80
440,2469,77.0,1,Dañado en envío,2023-06-09 12:49:00,100
441,2469,63.0,4,Defecto,2023-06-13 12:49:00,80
442,1166,66.0,1,Llegó tarde,2023-05-25 21:49:00,100
443,4797,32.0,4,Llegó tarde,2024-12-08 22:53:00,100
444,4797,64.0,1,Talla/Modelo incorrecto,2024-11-29 22:53:00,80
445,4797,67.0,1,Cambio de opinión,2024-11-23 22:53:00,100
446,4797,17.0,3,Defecto,2024-12-07 22:53:00,100
447,4797,42.0,1,Defecto,2024-11-27 22:53:00,100
448,1342,9.0,2,Defecto,2024-05-20 13:31:00,100
449,1342,60.0,1,Dañado en envío,2024-05-18 13:31:00,80
450,1342,52.0,1,Dañado en envío,2024-05-26 13:31:00,100
451,338,59.0,3,Cambio de opinión,2025-05-28 15:38:00,100
452,338,53.0,1,Cambio de opinión,2025-05-21 15:38:00,100
453,496,68.0,2,Cambio de opinión,2025-03-07 13:11:00,100
454,496,75.0,1,Cambio de opinión,2025-03-20 13:11:00,100
455,496,25.0,3,Dañado en envío,2025-03-09 13:11:00,100
456,496,30.0,1,Cambio de opinión,2025-03-19 13:11:00,80
457,496,49.0,1,Dañado en envío,2025-03-08 13:11:00,50
458,4535,73.0,4,Defecto,2024-01-02 20:13:00,100
459,2146,30.0,1,No coincide descripción,2023-11-15 19:01:00,100
460,2146,55.0,1,No coincide descripción,2023-11-07 19:01:00,100
461,589,1.0,1,Defecto,2025-08-27 15:56:00,100
462,589,44.0,2,Defecto,2025-09-03 15:56:00,100
463,589,48.0,1,Cambio de opinión,2025-08-28 15:56:00,100
464,589,32.0,2,No coincide descripción,2025-09-03 15:56:00,100
465,1819,42.0,1,Talla/Modelo incorrecto,2024-02-16 11:47:00,100
466,1819,15.0,3,Defecto,2024-02-25 11:47:00,50
467,1819,59.0,1,Talla/Modelo incorrecto,2024-02-18 11:47:00,100
468,1628,49.0,3,No coincide descripción,2025-06-28 14:25:00,100
469,1628,66.0,1,No coincide descripción,2025-06-17 14:25:00,80
470,1628,69.0,2,Dañado en envío,2025-06-22 14:25:00,100
471,1628,8.0,1,No coincide descripción,2025-06-30 14:25:00,100
472,1203,9.0,2,No coincide descripción,2025-03-23 13:59:00,100
473,4622,19.0,1,No coincide descripción,2024-09-23 20:15:00,100
474,2640,63.0,1,Llegó tarde,2025-08-07 09:05:00,100
475,2640,64.0,1,No coincide descripción,2025-07-31 09:05:00,100
476,749,76.0,2,Cambio de opinión,2023-05-03 10:32:00,100
477,749,34.0,2,Llegó tarde,2023-05-09 10:32:00,80
478,749,17.0,1,Dañado en envío,2023-05-07 10:32:00,80
479,749,60.0,1,Talla/Modelo incorrecto,2023-05-03 10:32:00,100
480,976,70.0,1,Dañado en envío,2024-08-30 10:49:00,100
481,976,75.0,1,Cambio de opinión,2024-09-02 10:49:00,100
482,976,59.0,3,Cambio de opinión,2024-08-21 10:49:00,50
483,947,48.0,2,No coincide descripción,2024-01-20 13:20:00,100
484,947,34.0,3,Dañado en envío,2024-02-03 13:20:00,100
485,4852,60.0,4,Cambio de opinión,2025-11-22 20:37:00,100
486,1026,57.0,3,Dañado en envío,2024-08-04 09:41:00,80
487,494,21.0,3,Llegó tarde,2025-02-12 14:56:00,100
488,2500,56.0,1,Cambio de opinión,2025-03-12 18:12:00,50
489,3992,24.0,1,Llegó tarde,2024-07-19 09:28:00,100
490,3992,13.0,1,Defecto,2024-07-22 09:28:00,50
491,3992,51.0,1,Talla/Modelo incorrecto,2024-07-14 09:28:00,100
492,3129,10.0,1,Dañado en envío,2024-08-28 08:31:00,100
493,3129,21.0,1,Llegó tarde,2024-08-31 08:31:00,100
494,3129,29.0,3,Cambio de opinión,2024-08-30 08:31:00,80
495,3129,69.0,1,Llegó tarde,2024-09-04 08:31:00,100
496,1350,46.0,1,Llegó tarde,2024-04-20 18:13:00,80
497,1010,17.0,1,No coincide descripción,2025-02-05 15:31:00,100
498,3329,63.0,4,No coincide descripción,2024-03-14 17:53:00,100
499,3329,17.0,3,Dañado en envío,2024-03-20 17:53:00,50
500,716,51.0,1,Cambio de opinión,2025-11-29 15:51:00,100
501,716,34.0,2,Dañado en envío,2025-11-16 15:51:00,100
502,2482,25.0,2,Cambio de opinión,2023-02-23 22:31:00,100
503,4361,15.0,1,Defecto,2023-03-10 10:50:00,100
504,4572,38.0,2,Defecto,2025-07-19 22:33:00,100
505,2463,58.0,3,Talla/Modelo incorrecto,2024-02-03 22:07:00,50
506,2463,74.0,4,Llegó tarde,2024-01-28 22:07:00,100
507,467,69.0,1,Talla/Modelo incorrecto,2024-09-08 14:00:00,80
508,2232,56.0,4,No coincide descripción,2023-05-15 12:30:00,80
509,2232,40.0,2,Defecto,2023-05-20 12:30:00,50
510,2232,55.0,2,Dañado en envío,2023-05-31 12:30:00,100
511,4730,18.0,2,Talla/Modelo incorrecto,2023-08-23 17:30:00,50
512,4037,68.0,1,Dañado en envío,2023-04-19 10:02:00,100
513,2633,68.0,1,Cambio de opinión,2023-05-28 13:22:00,50
514,1181,26.0,1,Dañado en envío,2024-01-27 12:17:00,100
515,1181,44.0,1,Talla/Modelo incorrecto,2024-02-08 12:17:00,80
516,1181,6.0,1,Cambio de opinión,2024-01-25 12:17:00,50
517,1181,24.0,2,Cambio de opinión,2024-01-25 12:17:00,100
518,1181,73.0,2,Cambio de opinión,2024-01-31 12:17:00,80
519,1181,54.0,1,Defecto,2024-01-22 12:17:00,100
520,1181,63.0,1,Talla/Modelo incorrecto,2024-01-23 12:17:00,100
521,4157,24.0,1,Cambio de opinión,2023-06-17 20:00:00,100
522,4157,51.0,1,No coincide descripción,2023-06-12 20:00:00,50
523,4157,2.0,2,No coincide descripción,2023-06-19 20:00:00,80
524,4157,79.0,3,Defecto,2023-06-22 20:00:00,100
525,4157,23.0,1,Defecto,2023-06-20 20:00:00,100
526,4157,30.0,1,Defecto,2023-06-13 20:00:00,100
527,3765,51.0,1,No coincide descripción,2023-01-23 15:55:00,100
528,3765,29.0,2,Talla/Modelo incorrecto,2023-01-09 15:55:00,80
529,1869,40.0,2,Llegó tarde,2023-12-30 20:18:00,100
530,1869,22.0,1,Defecto,2024-01-01 20:18:00,100
531,1869,76.0,1,Cambio de opinión,2023-12-31 20:18:00,100
532,1869,14.0,4,Defecto,2024-01-04 20:18:00,100
533,235,13.0,1,Dañado en envío,2025-09-24 20:18:00,100
534,235,3.0,2,Cambio de opinión,2025-09-17 20:18:00,100
535,16,13.0,3,No coincide descripción,2023-03-08 14:21:00,80
536,1070,58.0,4,Defecto,2023-06-08 08:37:00,80
537,1070,69.0,1,Talla/Modelo incorrecto,2023-06-07 08:37:00,80
538,1070,27.0,1,Cambio de opinión,2023-06-14 08:37:00,80
539,1070,49.0,1,Defecto,2023-06-03 08:37:00,80
540,1070,6.0,1,No coincide descripción,2023-06-08 08:37:00,100
541,1070,64.0,1,No coincide descripción,2023-06-05 08:37:00,100
542,1070,60.0,1,No coincide descripción,2023-06-18 08:37:00,100
543,1104,15.0,2,Talla/Modelo incorrecto,2023-09-07 11:47:00,100
544,1104,4.0,3,Talla/Modelo incorrecto,2023-08-27 11:47:00,100
545,1104,12.0,2,Defecto,2023-09-11 11:47:00,100
546,1104,21.0,1,Cambio de opinión,2023-09-01 11:47:00,100
547,1104,76.0,1,No coincide descripción,2023-09-07 11:47:00,100
548,1104,46.0,1,Defecto,2023-08-30 11:47:00,100
549,1835,62.0,1,Cambio de opinión,2023-03-25 16:22:00,100
550,1835,49.0,2,Talla/Modelo incorrecto,2023-03-27 16:22:00,80
551,1883,6.0,1,Cambio de opinión,2025-07-14 20:55:00,100
552,2575,64.0,1,Cambio de opinión,2025-09-27 08:56:00,100
553,2575,79.0,1,Defecto,2025-10-06 08:56:00,100
554,4789,17.0,3,Defecto,2023-07-07 08:17:00,100
555,4188,24.0,1,No coincide descripción,2025-02-16 08:44:00,100
556,4188,68.0,1,Cambio de opinión,2025-02-09 08:44:00,100
557,4188,40.0,1,Defecto,2025-02-05 08:44:00,100
558,4188,15.0,1,Defecto,2025-02-14 08:44:00,100
559,2761,29.0,1,Cambio de opinión,2023-09-06 11:08:00,80
560,2086,34.0,4,No coincide descripción,2025-05-09 14:23:00,100
561,1300,60.0,3,No coincide descripción,2024-06-18 13:58:00,100
562,1300,47.0,1,Dañado en envío,2024-06-26 13:58:00,100
563,1300,46.0,2,Cambio de opinión,2024-06-24 13:58:00,100
564,1300,7.0,1,Defecto,2024-06-23 13:58:00,100
565,2726,33.0,1,Talla/Modelo incorrecto,2025-01-25 17:30:00,100
566,2726,70.0,2,No coincide descripción,2025-01-24 17:30:00,100
567,2726,76.0,2,Talla/Modelo incorrecto,2025-01-29 17:30:00,80
568,2726,44.0,1,Talla/Modelo incorrecto,2025-01-14 17:30:00,100
569,2726,46.0,1,No coincide descripción,2025-01-23 17:30:00,80
570,3140,42.0,2,No coincide descripción,2025-09-05 13:28:00,100
571,3140,8.0,1,Talla/Modelo incorrecto,2025-09-08 13:28:00,100
572,3140,33.0,2,Llegó tarde,2025-08-21 13:28:00,100
573,3140,16.0,1,No coincide descripción,2025-08-28 13:28:00,100
574,3140,37.0,1,No coincide descripción,2025-08-26 13:28:00,80
575,3140,49.0,1,Talla/Modelo incorrecto,2025-08-28 13:28:00,100
576,3140,71.0,2,Llegó tarde,2025-09-01 13:28:00,80
577,2681,16.0,3,No coincide descripción,2025-07-07 13:44:00,100
578,132,23.0,2,Talla/Modelo incorrecto,2024-01-06 15:33:00,50
579,3906,24.0,1,No coincide descripción,2025-06-08 19:09:00,80
580,3906,5.0,4,Defecto,2025-05-23 19:09:00,100
581,3906,42.0,3,Defecto,2025-06-04 19:09:00,80
582,3906,25.0,1,No coincide descripción,2025-05-25 19:09:00,100
583,2094,26.0,1,Defecto,2025-02-13 10:48:00,100
584,151,52.0,1,No coincide descripción,2025-09-25 09:01:00,100
585,151,78.0,1,Defecto,2025-10-06 09:01:00,100
586,151,53.0,1,Talla/Modelo incorrecto,2025-09-27 09:01:00,80
587,151,63.0,2,No coincide descripción,2025-09-22 09:01:00,100
588,151,40.0,4,Dañado en envío,2025-09-27 09:01:00,100
589,151,47.0,1,Defecto,2025-09-30 09:01:00,100
590,897,65.0,3,No coincide descripción,2025-03-30 13:07:00,50
591,2790,34.0,1,Llegó tarde,2024-12-31 14:27:00,100
592,1867,22.0,1,Cambio de opinión,2025-05-05 09:22:00,100
593,1867,47.0,2,Defecto,2025-05-07 09:22:00,100
594,216,73.0,1,Cambio de opinión,2024-09-04 19:18:00,100
595,216,48.0,1,Defecto,2024-09-12 19:18:00,100
596,216,39.0,2,No coincide descripción,2024-09-03 19:18:00,100
597,932,28.0,2,Defecto,2025-07-26 13:04:00,100
598,932,13.0,1,No coincide descripción,2025-07-26 13:04:00,100
599,4062,11.0,4,No coincide descripción,2024-12-26 22:23:00,80
600,4062,61.0,1,Cambio de opinión,2024-12-29 22:23:00,100
601,4062,27.0,2,Dañado en envío,2024-12-15 22:23:00,100
602,3553,5.0,4,Cambio de opinión,2023-05-08 13:33:00,50
603,4957,18.0,2,Dañado en envío,2023-07-16 16:54:00,100
604,4957,29.0,3,No coincide descripción,2023-07-08 16:54:00,100
605,3271,68.0,1,Cambio de opinión,2024-11-04 09:51:00,100
606,4426,11.0,2,Talla/Modelo incorrecto,2023-08-23 17:24:00,100
607,1731,76.0,3,Defecto,2025-03-18 10:06:00,100
608,1731,68.0,1,Cambio de opinión,2025-03-05 10:06:00,100
609,1731,37.0,2,Defecto,2025-03-16 10:06:00,100
610,1731,2.0,3,Defecto,2025-03-04 10:06:00,80
611,1575,3.0,1,Defecto,2024-01-12 18:04:00,50
612,1015,48.0,1,Defecto,2025-06-03 21:13:00,50
613,1015,2.0,2,Llegó tarde,2025-06-12 21:13:00,100
614,1015,73.0,2,Cambio de opinión,2025-05-31 21:13:00,100
615,4297,48.0,3,Defecto,2025-01-17 20:27:00,100
616,2635,59.0,2,Defecto,2025-12-26 21:07:00,100
617,434,62.0,1,Cambio de opinión,2023-12-04 21:12:00,100
618,434,49.0,1,Defecto,2023-12-18 21:12:00,100
619,434,51.0,1,Talla/Modelo incorrecto,2023-12-16 21:12:00,80
620,434,78.0,3,Defecto,2023-12-12 21:12:00,100
621,1786,1.0,3,No coincide descripción,2023-01-17 10:05:00,100
622,1786,16.0,2,Cambio de opinión,2023-01-03 10:05:00,50
623,1786,27.0,1,Talla/Modelo incorrecto,2023-01-18 10:05:00,100
624,1786,17.0,1,Llegó tarde,2023-01-15 10:05:00,80
625,1477,62.0,1,Dañado en envío,2025-09-30 20:36:00,100
626,1477,35.0,1,Dañado en envío,2025-09-18 20:36:00,80
627,1477,44.0,3,No coincide descripción,2025-09-26 20:36:00,100
628,4329,51.0,1,Talla/Modelo incorrecto,2023-02-14 13:52:00,100
629,3692,35.0,1,Cambio de opinión,2025-08-17 12:29:00,50
630,3692,39.0,2,Llegó tarde,2025-08-12 12:29:00,80
631,3692,63.0,2,Cambio de opinión,2025-08-23 12:29:00,100
632,3692,57.0,4,Defecto,2025-08-25 12:29:00,100
633,2271,78.0,4,Talla/Modelo incorrecto,2023-02-21 11:36:00,100
634,2271,61.0,1,Dañado en envío,2023-02-25 11:36:00,100
635,1337,23.0,1,Defecto,2024-06-06 08:29:00,100
636,3656,38.0,4,Cambio de opinión,2024-11-23 10:17:00,50
637,3656,74.0,1,Cambio de opinión,2024-11-17 10:17:00,80
638,3656,57.0,1,Defecto,2024-11-09 10:17:00,80
639,3656,25.0,1,No coincide descripción,2024-11-11 10:17:00,100
640,2280,58.0,1,No coincide descripción,2024-10-21 19:02:00,100
641,2280,24.0,1,Talla/Modelo incorrecto,2024-10-25 19:02:00,50
642,2280,32.0,2,Defecto,2024-10-20 19:02:00,80
643,4859,2.0,3,No coincide descripción,2023-09-10 21:56:00,100
644,4859,5.0,3,Cambio de opinión,2023-09-12 21:56:00,100
645,4859,16.0,1,Llegó tarde,2023-09-08 21:56:00,100
646,3590,26.0,1,Llegó tarde,2025-08-15 14:21:00,100
647,3012,72.0,1,Llegó tarde,2025-02-18 10:57:00,100
648,3012,41.0,1,Cambio de opinión,2025-02-08 10:57:00,100
649,3012,10.0,2,No coincide descripción,2025-02-06 10:57:00,100
650,3012,23.0,1,Cambio de opinión,2025-02-16 10:57:00,100
651,3012,70.0,1,Defecto,2025-02-14 10:57:00,100
652,3012,2.0,2,Cambio de opinión,2025-02-13 10:57:00,100
653,3012,29.0,1,Llegó tarde,2025-02-01 10:57:00,80
654,842,12.0,1,Defecto,2025-04-11 22:04:00,100
655,1939,32.0,2,Cambio de opinión,2026-01-11 08:11:00,100
656,1939,50.0,1,Talla/Modelo incorrecto,2026-01-03 08:11:00,100
657,4043,12.0,1,Talla/Modelo incorrecto,2024-11-20 12:07:00,100
658,4652,19.0,1,Defecto,2023-09-27 14:09:00,100
659,4652,9.0,1,Cambio de opinión,2023-09-26 14:09:00,100
660,3394,8.0,1,Defecto,2023-05-05 21:21:00,100
661,3535,57.0,1,Llegó tarde,2025-04-09 20:49:00,80
662,4064,78.0,3,No coincide descripción,2023-09-11 22:27:00,100
663,4064,9.0,1,No coincide descripción,2023-09-08 22:27:00,100
664,6,54.0,3,Llegó tarde,2024-11-23 16:29:00,80
665,6,26.0,1,No coincide descripción,2024-11-20 16:29:00,100
666,6,27.0,4,No coincide descripción,2024-11-19 16:29:00,50
667,2576,25.0,2,No coincide descripción,2025-06-13 10:13:00,100
668,1034,62.0,2,No coincide descripción,2023-06-28 10:37:00,50
669,1034,58.0,3,Defecto,2023-06-19 10:37:00,100
670,1034,38.0,2,Defecto,2023-06-16 10:37:00,100
671,302,49.0,1,Defecto,2025-07-28 14:26:00,100
672,302,47.0,2,Defecto,2025-07-30 14:26:00,80
673,302,3.0,2,Llegó tarde,2025-08-01 14:26:00,100
674,302,74.0,2,Cambio de opinión,2025-07-19 14:26:00,100
675,302,77.0,2,Defecto,2025-08-02 14:26:00,50
676,3239,21.0,1,Defecto,2025-12-10 20:25:00,100
677,3239,59.0,3,Defecto,2025-12-09 20:25:00,100
678,3239,10.0,1,Cambio de opinión,2025-12-01 20:25:00,100
679,2736,47.0,3,Dañado en envío,2025-01-04 08:18:00,100
680,2736,3.0,1,Cambio de opinión,2025-01-12 08:18:00,100
681,3479,73.0,1,Llegó tarde,2025-10-01 11:46:00,100
682,2335,19.0,1,No coincide descripción,2023-09-08 13:30:00,100
683,2335,17.0,2,Defecto,2023-09-03 13:30:00,100
684,2335,38.0,2,Llegó tarde,2023-08-29 13:30:00,100
685,2335,13.0,1,Defecto,2023-08-27 13:30:00,50
686,3492,6.0,3,No coincide descripción,2024-09-22 14:56:00,50
687,3492,61.0,1,Cambio de opinión,2024-10-07 14:56:00,100
688,3492,68.0,1,No coincide descripción,2024-09-23 14:56:00,100
689,3492,78.0,3,Dañado en envío,2024-09-24 14:56:00,100
690,3492,33.0,1,Defecto,2024-09-24 14:56:00,80
691,3492,34.0,2,Cambio de opinión,2024-10-05 14:56:00,100
692,3281,25.0,3,No coincide descripción,2023-05-04 17:33:00,80
693,3021,56.0,3,Dañado en envío,2024-08-08 19:23:00,100
694,3672,59.0,1,No coincide descripción,2024-01-04 17:35:00,100
695,3514,64.0,1,Cambio de opinión,2023-10-26 21:48:00,50
696,362,44.0,1,Dañado en envío,2025-01-20 09:27:00,80
697,362,9.0,2,Cambio de opinión,2025-01-29 09:27:00,80
698,2110,47.0,1,No coincide descripción,2024-07-29 08:29:00,100
699,2110,19.0,1,No coincide descripción,2024-07-25 08:29:00,100
700,2110,1.0,2,Defecto,2024-07-12 08:29:00,100
701,2110,28.0,2,No coincide descripción,2024-07-13 08:29:00,100
702,2110,9.0,2,Defecto,2024-07-21 08:29:00,100
703,2110,74.0,1,Cambio de opinión,2024-07-22 08:29:00,80
704,4900,16.0,1,Cambio de opinión,2025-06-14 12:48:00,80
705,1826,11.0,1,Llegó tarde,2025-10-11 17:00:00,100
706,835,42.0,3,Defecto,2023-04-03 11:13:00,80
707,196,57.0,1,Cambio de opinión,2024-09-19 22:01:00,100
708,2009,24.0,3,No coincide descripción,2025-03-24 18:31:00,100
709,2009,27.0,1,Defecto,2025-03-10 18:31:00,100
710,3070,18.0,3,Talla/Modelo incorrecto,2025-11-27 11:31:00,100
711,2604,9.0,1,Defecto,2025-01-15 12:15:00,50
712,268,44.0,1,No coincide descripción,2024-11-29 11:08:00,100
713,268,46.0,2,Defecto,2024-11-28 11:08:00,100
714,268,74.0,3,Cambio de opinión,2024-11-16 11:08:00,80
715,2844,23.0,3,Cambio de opinión,2023-08-20 17:43:00,80
716,2844,45.0,1,No coincide descripción,2023-08-23 17:43:00,100
717,2844,1.0,2,Defecto,2023-08-17 17:43:00,100
718,2844,8.0,3,Cambio de opinión,2023-08-28 17:43:00,80
719,3784,66.0,3,No coincide descripción,2025-10-21 20:05:00,80
720,3784,25.0,3,Llegó tarde,2025-10-24 20:05:00,80
721,4826,76.0,1,Cambio de opinión,2025-10-30 10:14:00,100
722,3517,74.0,3,Dañado en envío,2024-12-20 20:25:00,100
723,1589,65.0,1,Dañado en envío,2025-04-17 09:22:00,100
724,1589,76.0,1,No coincide descripción,2025-04-24 09:22:00,80
725,1589,70.0,1,Dañado en envío,2025-04-25 09:22:00,100
726,1589,17.0,1,Dañado en envío,2025-04-15 09:22:00,100
727,4213,32.0,1,Cambio de opinión,2024-01-15 21:47:00,80
728,4791,24.0,1,Talla/Modelo incorrecto,2025-03-07 14:28:00,100
729,4791,79.0,3,No coincide descripción,2025-03-14 14:28:00,50
730,763,19.0,3,Talla/Modelo incorrecto,2025-09-13 11:54:00,80
731,4414,40.0,1,Defecto,2025-09-21 11:05:00,100
732,4414,30.0,2,Cambio de opinión,2025-09-28 11:05:00,100
733,4414,39.0,4,Dañado en envío,2025-09-23 11:05:00,80
734,4414,71.0,1,Llegó tarde,2025-09-20 11:05:00,100
735,4414,65.0,1,No coincide descripción,2025-09-23 11:05:00,80
736,2764,7.0,2,No coincide descripción,2023-10-12 09:27:00,80
737,1627,11.0,3,Defecto,2024-08-02 20:59:00,100
738,4288,38.0,2,Defecto,2024-02-27 14:21:00,100
739,4288,76.0,1,Dañado en envío,2024-02-20 14:21:00,100
740,4288,1.0,2,Cambio de opinión,2024-02-24 14:21:00,100
741,558,53.0,3,No coincide descripción,2024-07-26 10:40:00,100
742,558,2.0,1,Defecto,2024-07-18 10:40:00,100
743,558,23.0,1,No coincide descripción,2024-07-31 10:40:00,100
744,558,66.0,1,No coincide descripción,2024-07-24 10:40:00,50
745,558,73.0,1,No coincide descripción,2024-07-18 10:40:00,50
746,2139,52.0,1,Defecto,2024-10-09 19:45:00,50
747,2139,60.0,2,No coincide descripción,2024-09-30 19:45:00,100
748,2139,24.0,2,Cambio de opinión,2024-10-04 19:45:00,100
749,2139,21.0,4,Defecto,2024-10-04 19:45:00,50
750,2139,51.0,1,No coincide descripción,2024-10-10 19:45:00,80
751,2139,30.0,1,Cambio de opinión,2024-10-06 19:45:00,100
752,3828,80.0,2,No coincide descripción,2024-03-12 21:46:00,100
753,489,36.0,1,Cambio de opinión,2025-11-30 14:52:00,100
754,3472,56.0,2,Talla/Modelo incorrecto,2025-06-07 18:15:00,80
755,3472,57.0,4,Defecto,2025-05-31 18:15:00,100
756,745,10.0,1,Cambio de opinión,2023-03-22 15:38:00,100
757,745,78.0,2,No coincide descripción,2023-03-19 15:38:00,100
758,745,60.0,1,Defecto,2023-03-14 15:38:00,100
759,745,79.0,3,No coincide descripción,2023-03-21 15:38:00,100
760,745,13.0,2,No coincide descripción,2023-03-26 15:38:00,100
761,2890,43.0,1,Dañado en envío,2025-12-11 15:42:00,80
762,4166,58.0,1,Defecto,2025-10-24 14:30:00,100
763,4166,16.0,2,Defecto,2025-10-21 14:30:00,80
764,4166,33.0,1,Defecto,2025-10-28 14:30:00,80
765,4166,50.0,4,Dañado en envío,2025-10-23 14:30:00,80
766,4166,5.0,2,No coincide descripción,2025-10-26 14:30:00,100
767,4166,8.0,1,Cambio de opinión,2025-10-28 14:30:00,80
768,4166,64.0,1,Talla/Modelo incorrecto,2025-10-11 14:30:00,100
769,2497,72.0,1,Defecto,2025-08-11 20:49:00,100
770,1503,76.0,1,Dañado en envío,2025-10-29 15:20:00,100
771,3138,80.0,1,Defecto,2025-06-24 08:10:00,80
772,1369,8.0,2,No coincide descripción,2024-07-01 18:45:00,100
773,1369,11.0,3,Cambio de opinión,2024-07-04 18:45:00,100
774,1369,73.0,1,Talla/Modelo incorrecto,2024-06-24 18:45:00,100
775,1369,49.0,3,No coincide descripción,2024-07-04 18:45:00,100
776,1369,14.0,3,Llegó tarde,2024-07-05 18:45:00,100
777,3135,20.0,1,Dañado en envío,2025-05-12 22:30:00,100
778,3135,35.0,2,Defecto,2025-05-23 22:30:00,100
779,3135,65.0,2,Llegó tarde,2025-05-11 22:30:00,100
780,3135,64.0,1,No coincide descripción,2025-05-18 22:30:00,100
781,3135,3.0,4,Defecto,2025-05-14 22:30:00,100
782,2532,29.0,4,Talla/Modelo incorrecto,2024-01-05 13:04:00,100
783,2532,66.0,3,Cambio de opinión,2023-12-25 13:04:00,100
784,2532,65.0,1,Defecto,2024-01-11 13:04:00,100
785,2295,7.0,1,Defecto,2023-10-03 11:46:00,100
786,2295,59.0,2,Defecto,2023-10-16 11:46:00,100
787,2915,54.0,1,Cambio de opinión,2024-01-15 18:54:00,100
788,2915,78.0,3,Defecto,2024-01-09 18:54:00,100
789,13,37.0,2,Cambio de opinión,2025-05-12 16:47:00,50
790,13,75.0,1,Cambio de opinión,2025-05-16 16:47:00,100
791,13,50.0,1,Talla/Modelo incorrecto,2025-05-26 16:47:00,80
792,13,52.0,1,Llegó tarde,2025-05-21 16:47:00,50
793,3163,39.0,1,Dañado en envío,2025-01-08 20:02:00,100
794,1095,40.0,1,Defecto,2023-09-10 20:57:00,100
795,2514,11.0,2,Cambio de opinión,2025-12-19 15:43:00,100
796,2514,51.0,1,Cambio de opinión,2025-12-23 15:43:00,100
797,2514,16.0,3,Dañado en envío,2025-12-23 15:43:00,80
798,4156,24.0,1,No coincide descripción,2024-06-29 20:58:00,100
799,4156,58.0,1,Talla/Modelo incorrecto,2024-07-03 20:58:00,100
800,4915,73.0,2,Dañado en envío,2024-01-21 10:02:00,100
801,3651,5.0,2,Defecto,2025-02-13 15:18:00,100
802,1894,64.0,2,No coincide descripción,2025-12-22 20:05:00,100
803,1894,14.0,2,No coincide descripción,2025-12-29 20:05:00,100
804,1894,40.0,3,No coincide descripción,2025-12-24 20:05:00,100
805,3562,13.0,1,Llegó tarde,2024-10-12 17:12:00,80
806,2641,51.0,4,Cambio de opinión,2025-03-13 22:11:00,80
807,2641,80.0,3,Defecto,2025-03-22 22:11:00,100
808,2641,76.0,3,No coincide descripción,2025-03-30 22:11:00,100
809,2641,47.0,1,Dañado en envío,2025-03-28 22:11:00,100
810,2641,67.0,1,Cambio de opinión,2025-03-20 22:11:00,100
811,1887,6.0,1,No coincide descripción,2023-03-03 10:46:00,100
812,2583,8.0,3,Cambio de opinión,2023-09-04 21:29:00,100
813,2583,57.0,2,Defecto,2023-08-22 21:29:00,50
814,2583,4.0,3,Defecto,2023-08-30 21:29:00,50
815,4161,2.0,1,Dañado en envío,2025-09-11 21:04:00,100
816,942,19.0,1,Talla/Modelo incorrecto,2025-06-09 14:01:00,100
817,1283,80.0,3,Defecto,2024-12-19 20:34:00,100
818,1283,6.0,1,Talla/Modelo incorrecto,2024-12-13 20:34:00,100
819,72,45.0,1,No coincide descripción,2025-10-10 15:50:00,100
820,4260,74.0,2,Defecto,2024-09-02 10:04:00,80
821,4260,42.0,1,Talla/Modelo incorrecto,2024-09-17 10:04:00,100
822,4260,29.0,1,Cambio de opinión,2024-09-08 10:04:00,80
823,4260,49.0,1,No coincide descripción,2024-09-04 10:04:00,100
824,2379,11.0,1,Defecto,2025-01-14 21:26:00,100
825,2379,36.0,2,Defecto,2025-01-21 21:26:00,100
826,2379,74.0,1,Talla/Modelo incorrecto,2025-01-26 21:26:00,50
827,2379,46.0,2,Cambio de opinión,2025-01-22 21:26:00,100
828,2379,62.0,1,Llegó tarde,2025-01-20 21:26:00,100
829,1670,76.0,1,Talla/Modelo incorrecto,2023-06-14 19:04:00,80
830,4995,37.0,3,Cambio de opinión,2024-11-28 22:22:00,100
831,4995,22.0,1,No coincide descripción,2024-11-23 22:22:00,100
832,4995,52.0,2,No coincide descripción,2024-11-25 22:22:00,100
