id_promocion_orden,id_orden,id_promocion,descuento_aplicado
1,1786,6,0.05
2,4642,8,0.12
3,4592,7,0.25
4,1023,6,0.1
5,1033,7,0.1
6,3809,7,0.2
7,1231,8,0.26
8,167,6,0.29
9,3765,6,0.1
10,722,7,0.23
11,2785,7,0.23
12,3345,6,0.28
13,4359,6,0.07
14,1636,8,0.28
15,1771,7,0.11
16,456,7,0.18
17,4476,7,0.06
18,3054,6,0.12
19,3995,7,0.1
20,2212,6,0.08
21,1751,6,0.29
22,2216,6,0.16
23,1705,8,0.08
24,1752,6,0.13
25,3958,8,0.18
26,3565,8,0.21
27,4278,7,0.09
28,2367,7,0.16
29,3353,7,0.19
30,1355,8,0.12
31,4232,8,0.08
32,3983,6,0.08
33,1353,8,0.24
34,3815,6,0.16
35,1129,6,0.1
36,830,7,0.22
37,3951,7,0.18
38,3409,8,0.14
39,2405,8,0.24
40,695,7,0.19
41,4120,6,0.14
42,4815,7,0.09
43,1952,8,0.16
44,1106,8,0.3
45,92,7,0.16
46,4199,7,0.13
47,4329,8,0.27
48,3630,8,0.18
49,778,7,0.2
50,4809,8,0.25
51,280,7,0.24
52,3093,7,0.14
53,2042,8,0.06
54,465,7,0.23
55,1620,7,0.28
56,73,6,0.29
57,4551,6,0.16
58,2730,8,0.23
59,3105,8,0.21
60,3644,7,0.14
61,2271,8,0.27
62,1671,8,0.17
63,2482,8,0.26
64,1938,8,0.1
65,3356,8,0.05
66,3123,7,0.21
67,9,7,0.25
68,3460,8,0.15
69,2120,7,0.27
70,4067,7,0.07
71,217,7,0.22
72,1887,7,0.18
73,3292,7,0.09
74,4408,8,0.15
75,3537,8,0.11
76,2089,8,0.14
77,3385,8,0.15
78,4381,7,0.24
79,129,6,0.2
80,4849,8,0.29
81,277,8,0.26
82,1271,7,0.05
83,4361,8,0.28
84,3412,6,0.14
85,1893,6,0.19
86,900,7,0.07
87,4928,8,0.29
88,3715,8,0.23
89,2997,6,0.09
90,4513,7,0.14
91,2760,8,0.24
92,1335,7,0.25
93,3791,6,0.17
94,16,8,0.27
95,2824,8,0.25
96,1096,6,0.29
97,2128,6,0.24
98,4696,7,0.25
99,4433,7,0.27
100,3530,8,0.29
101,329,6,0.06
102,568,7,0.1
103,288,6,0.07
104,727,8,0.25
105,4600,6,0.22
106,1233,8,0.23
107,4227,6,0.06
108,4732,6,0.19
109,1835,7,0.12
110,4348,8,0.12
111,2221,8,0.14
112,745,7,0.25
113,2457,6,0.15
114,1183,6,0.17
115,3886,7,0.08
116,4738,7,0.23
117,1109,7,0.08
118,1377,7,0.06
119,2409,8,0.19
120,1785,6,0.15
121,191,7,0.29
122,2911,6,0.2
123,1431,8,0.07
124,670,6,0.05
125,2547,7,0.1
126,4829,6,0.2
127,4948,8,0.07
128,2174,8,0.2
129,3704,8,0.13
130,226,6,0.09
131,1450,8,0.2
132,4087,6,0.26
133,774,6,0.14
134,4929,8,0.16
135,610,8,0.09
136,2597,8,0.11
137,3253,8,0.24
138,2537,8,0.27
139,1578,6,0.06
140,2442,6,0.23
141,3170,8,0.21
142,354,6,0.22
143,508,8,0.13
144,1827,8,0.22
145,4478,6,0.26
146,1716,8,0.08
147,4059,7,0.06
148,1603,8,0.09
149,4765,8,0.11
150,424,7,0.07
151,2005,6,0.26
152,4792,6,0.23
153,916,6,0.14
154,4135,6,0.29
155,3263,6,0.24
156,4835,7,0.23
157,3096,6,0.12
158,2852,6,0.29
159,4988,7,0.18
160,791,7,0.18
161,1520,6,0.26
162,2300,6,0.16
163,197,6,0.13
164,3890,8,0.14
165,1527,8,0.13
166,758,6,0.21
167,4037,6,0.06
168,2878,7,0.21
169,1860,8,0.18
170,3609,8,0.12
171,4521,8,0.05
172,1317,6,0.28
173,219,6,0.12
174,2522,8,0.21
175,2317,7,0.23
176,1338,6,0.06
177,4028,6,0.16
178,4387,7,0.09
179,314,6,0.07
180,1770,6,0.11
181,3375,7,0.11
182,1115,8,0.09
183,400,6,0.28
184,2563,8,0.22
185,98,7,0.25
186,3842,7,0.16
187,2096,6,0.07
188,3431,7,0.16
189,3394,7,0.08
190,4747,7,0.24
191,552,6,0.19
192,2934,7,0.06
193,2268,7,0.18
194,381,6,0.23
195,4729,7,0.07
196,1372,7,0.26
197,3553,8,0.12
198,3763,8,0.18
199,1778,8,0.11
200,1403,7,0.06
201,719,8,0.17
202,3198,8,0.2
203,3302,6,0.12
204,3006,8,0.25
205,667,8,0.23
206,1975,6,0.15
207,3219,8,0.19
208,3422,8,0.11
209,725,7,0.06
210,4070,8,0.12
211,1166,6,0.25
212,2470,6,0.05
213,1141,7,0.24
214,697,6,0.1
215,634,8,0.17
216,2633,7,0.07
217,1998,8,0.11
218,484,6,0.16
219,3159,7,0.1
220,283,6,0.07
221,5,6,0.19
222,3566,8,0.08
223,3799,7,0.16
224,3401,6,0.13
225,1607,7,0.27
226,1082,7,0.3
227,4442,7,0.25
228,3581,8,0.18
229,744,8,0.27
230,515,7,0.13
231,477,7,0.25
232,471,7,0.25
233,3596,6,0.29
234,2782,6,0.09
235,4676,6,0.26
236,3558,6,0.21
237,31,8,0.26
238,726,7,0.13
239,2490,6,0.19
240,3735,8,0.16
241,1393,8,0.13
242,121,7,0.3
243,1878,7,0.19
244,2083,7,0.23
245,1612,8,0.09
246,1799,7,0.06
247,2480,8,0.23
248,4737,6,0.07
249,2574,7,0.21
250,548,7,0.26
251,4190,8,0.19
252,4897,8,0.23
253,837,6,0.09
254,4494,6,0.14
255,4055,8,0.13
256,2876,8,0.08
257,3045,7,0.23
258,881,8,0.05
259,2885,7,0.09
260,385,7,0.18
261,1238,6,0.06
262,1113,6,0.06
263,2402,8,0.09
264,4717,8,0.28
265,2400,8,0.15
266,1297,8,0.28
267,501,8,0.21
268,4941,6,0.26
269,3946,8,0.15
270,1775,8,0.12
271,3722,8,0.24
272,2540,6,0.23
273,826,8,0.3
274,109,6,0.14
275,3778,6,0.2
276,3092,8,0.18
277,1605,6,0.14
278,2415,6,0.25
279,3506,7,0.24
280,4491,6,0.11
281,4014,8,0.2
282,1056,6,0.12
283,3496,7,0.17
284,4516,8,0.11
285,408,8,0.23
286,1138,8,0.16
287,956,7,0.23
288,334,7,0.23
289,2809,8,0.2
290,4228,6,0.13
291,3399,7,0.2
292,2706,6,0.15
293,2461,6,0.12
294,1051,8,0.18
295,866,8,0.28
296,3944,6,0.29
297,2299,7,0.08
298,4258,6,0.22
299,988,7,0.22
300,4050,8,0.14
301,3112,8,0.28
302,1269,8,0.11
303,3885,6,0.28
304,1407,6,0.08
305,4474,6,0.24
306,4957,8,0.07
307,4621,7,0.13
308,3917,8,0.25
309,1454,7,0.1
310,1972,7,0.27
311,668,8,0.05
312,386,8,0.15
313,1154,8,0.21
314,2495,7,0.16
315,1032,8,0.18
316,863,7,0.3
317,4759,6,0.21
318,2880,6,0.18
319,1174,7,0.21
320,2687,8,0.24
321,1008,8,0.12
322,1813,6,0.26
323,870,6,0.1
324,2228,7,0.14
325,2325,7,0.14
326,3038,8,0.08
327,560,7,0.1
328,4244,7,0.16
329,4538,6,0.28
330,3869,6,0.08
331,2881,8,0.21
332,4462,7,0.29
333,3577,8,0.3
334,2057,6,0.07
335,3069,8,0.1
336,4706,6,0.09
337,818,7,0.18
338,2829,8,0.08
339,3389,7,0.21
340,4044,6,0.13
341,4324,6,0.08
342,2353,6,0.14
343,1322,7,0.26
344,3303,7,0.25
345,257,8,0.22
346,107,7,0.22
347,85,8,0.09
348,3411,8,0.25
349,3169,8,0.19
350,1041,6,0.17
351,4470,6,0.16
352,4389,8,0.12
353,4020,7,0.24
354,1476,7,0.18
355,3166,8,0.1
356,1236,8,0.3
357,4498,8,0.13
358,3440,8,0.22
359,1444,6,0.06
360,4279,7,0.1
361,52,6,0.29
362,3104,6,0.19
363,4189,8,0.2
364,3049,7,0.25
365,1824,7,0.3
366,1977,7,0.18
367,2340,7,0.23
368,4630,6,0.18
369,4660,6,0.07
370,4510,8,0.27
371,4896,6,0.28
372,4007,8,0.07
373,3624,6,0.12
374,1244,7,0.14
375,3543,7,0.11
376,1148,6,0.29
377,285,6,0.07
378,4526,6,0.23
379,2844,6,0.06
380,2794,7,0.3
381,4122,6,0.21
382,2969,6,0.07
383,3462,7,0.22
384,4730,7,0.17
385,682,8,0.27
386,1306,6,0.15
387,2682,6,0.14
388,2335,8,0.06
389,2396,7,0.21
390,4975,7,0.22
391,1598,8,0.09
392,155,6,0.2
393,2752,6,0.11
394,2257,8,0.22
395,4528,8,0.22
396,2433,6,0.25
397,2566,6,0.16
398,1436,8,0.23
399,1086,6,0.23
400,4940,6,0.29
401,2666,8,0.14
402,1738,7,0.25
403,3880,7,0.21
404,1445,8,0.14
405,525,8,0.18
406,3254,6,0.23
407,1392,7,0.22
408,2248,7,0.1
409,2761,7,0.16
410,1710,7,0.05
411,605,6,0.28
412,3858,8,0.16
413,1504,6,0.17
414,1114,6,0.07
415,3865,7,0.2
416,3306,6,0.29
417,4859,6,0.23
418,3866,8,0.2
419,4768,7,0.16
420,2927,8,0.18
421,3883,6,0.21
422,4579,6,0.27
423,3795,8,0.23
424,2195,8,0.06
425,3648,7,0.11
426,3602,6,0.17
427,4332,6,0.24
428,1941,7,0.18
429,1296,7,0.16
430,4008,8,0.07
431,1093,7,0.15
432,3369,8,0.13
433,3244,6,0.28
434,2338,6,0.19
435,3531,6,0.06
436,1650,7,0.13
437,542,7,0.12
438,2764,6,0.23
439,2971,7,0.19
440,1142,6,0.27
441,4051,8,0.17
442,2078,8,0.24
443,3469,6,0.17
444,1900,6,0.12
445,421,6,0.12
446,2209,6,0.26
447,1024,6,0.23
448,1003,8,0.11
449,1044,8,0.08
450,1423,8,0.07
451,768,6,0.26
452,1906,7,0.25
453,885,6,0.08
454,2733,6,0.23
455,890,8,0.19
456,1224,6,0.21
457,1917,6,0.08
458,3594,7,0.27
459,163,7,0.13
460,2713,8,0.23
461,1043,6,0.22
462,1443,6,0.05
463,452,8,0.21
464,662,8,0.11
465,416,6,0.16
466,2530,8,0.12
467,520,6,0.07
468,1089,7,0.15
469,4593,8,0.11
470,961,8,0.16
471,4412,8,0.26
472,3767,8,0.29
473,2358,7,0.18
474,4181,6,0.11
475,905,6,0.11
476,4607,8,0.23
477,2505,6,0.12
478,4674,8,0.23
479,3228,8,0.29
480,4196,6,0.3
481,3334,8,0.19
482,4267,7,0.22
483,2922,7,0.06
484,3598,8,0.11
485,4707,8,0.23
486,1237,7,0.2
487,1635,7,0.19
488,2105,6,0.09
489,1219,7,0.07
490,1209,6,0.19
491,2762,7,0.23
492,1045,8,0.07
493,4843,6,0.06
494,205,6,0.21
495,3782,7,0.23
496,765,8,0.19
497,274,7,0.2
498,2939,8,0.08
499,4316,7,0.1
500,3425,7,0.25
501,3192,6,0.2
502,1948,6,0.3
503,4026,7,0.16
504,3919,8,0.07
505,3205,7,0.14
506,1293,8,0.23
507,371,8,0.17
508,3716,8,0.08
509,3851,6,0.13
510,272,7,0.27
511,1299,8,0.27
512,2097,7,0.07
513,2219,6,0.11
514,3037,6,0.11
515,3029,6,0.21
516,2595,6,0.27
517,712,6,0.25
518,458,8,0.29
519,1734,6,0.21
520,1108,7,0.23
521,4855,8,0.19
522,1943,6,0.08
523,808,8,0.1
524,4148,7,0.21
525,2421,6,0.1
526,631,6,0.24
527,4409,6,0.12
528,2134,6,0.25
529,3690,6,0.18
530,4,6,0.21
531,1613,7,0.08
532,3065,6,0.18
533,562,8,0.11
534,2290,6,0.06
535,860,7,0.19
536,2001,7,0.2
537,2427,7,0.07
538,2048,6,0.14
539,256,8,0.16
540,1582,7,0.18
541,4596,7,0.23
542,1971,6,0.11
543,1991,8,0.18
544,3079,7,0.07
545,4293,6,0.11
546,2847,7,0.09
547,3249,6,0.26
548,4191,8,0.11
549,209,6,0.21
550,3579,8,0.13
551,2032,7,0.07
552,4668,6,0.07
553,1406,8,0.19
554,513,8,0.18
555,441,7,0.09
556,4000,8,0.19
557,1557,7,0.17
558,4312,6,0.13
559,3331,7,0.15
560,4702,6,0.11
561,4339,7,0.07
562,1925,8,0.09
563,40,7,0.11
564,2194,7,0.17
565,1047,7,0.17
566,1149,8,0.07
567,4217,7,0.2
568,2643,7,0.3
569,1495,8,0.09
570,1102,6,0.23
571,2430,7,0.26
572,3622,7,0.22
573,3852,8,0.08
574,1405,6,0.12
575,3300,7,0.1
576,875,8,0.08
577,2985,8,0.05
578,2587,6,0.25
579,1382,7,0.23
580,1467,8,0.24
581,3929,6,0.22
582,3789,8,0.17
583,3638,8,0.18
584,3888,8,0.09
585,2759,8,0.08
586,1180,8,0.19
587,3860,7,0.16
588,2056,8,0.08
589,3346,7,0.2
590,110,8,0.13
591,373,6,0.29
592,3672,7,0.17
593,1161,7,0.05
594,1698,7,0.27
595,1227,7,0.26
596,536,6,0.07
597,4827,6,0.2
598,1869,8,0.11
599,671,7,0.15
600,132,7,0.28
601,1779,7,0.18
602,481,7,0.22
603,3367,8,0.06
604,3691,8,0.23
605,1229,8,0.18
606,2564,6,0.11
607,2354,8,0.15
608,4337,6,0.17
609,2915,8,0.24
610,4099,7,0.19
611,1535,8,0.18
612,892,8,0.22
613,1735,8,0.1
614,1815,8,0.2
615,2827,8,0.05
616,2026,6,0.2
617,3831,7,0.21
618,3854,6,0.09
619,2806,7,0.25
620,817,8,0.29
621,3574,8,0.17
622,3881,7,0.21
623,4401,7,0.19
624,1849,7,0.16
625,2244,7,0.28
626,2208,7,0.28
627,1727,6,0.16
628,483,8,0.23
629,3030,7,0.23
630,3667,6,0.11
631,3576,6,0.23
632,4902,7,0.18
633,2965,8,0.24
634,4649,6,0.26
635,2464,6,0.29
636,3874,6,0.2
637,2463,8,0.06
638,4435,6,0.11
639,684,8,0.12
640,3075,7,0.14
641,3739,6,0.09
642,947,7,0.13
643,3772,6,0.12
644,4115,6,0.17
645,4325,6,0.16
646,1425,6,0.12
647,389,7,0.13
648,2995,7,0.07
649,3810,6,0.07
650,224,6,0.09
651,3118,7,0.29
652,491,7,0.15
653,4328,8,0.26
654,2784,6,0.09
655,3744,8,0.29
656,3619,7,0.17
657,2304,8,0.08
658,686,8,0.13
659,1574,6,0.21
660,369,6,0.24
661,4219,7,0.26
662,2694,6,0.18
663,1795,6,0.16
664,4930,6,0.14
665,3839,8,0.17
666,3432,8,0.1
667,1853,6,0.28
668,1523,7,0.09
669,4598,8,0.16
670,118,8,0.15
671,4315,7,0.29
672,3453,8,0.06
673,2813,6,0.06
674,4608,8,0.09
675,487,6,0.08
676,2775,7,0.18
677,4699,8,0.3
678,898,7,0.19
679,4655,8,0.11
680,2109,8,0.23
681,3433,8,0.22
682,2287,7,0.24
683,1147,6,0.07
684,3490,8,0.24
685,1080,6,0.18
686,4176,8,0.15
687,1760,8,0.19
688,3673,7,0.12
689,781,7,0.3
690,269,6,0.29
691,2774,7,0.18
692,714,7,0.13
693,3172,8,0.3
694,3560,8,0.17
695,2544,6,0.27
696,4926,7,0.13
697,1509,7,0.13
698,994,8,0.07
699,2218,8,0.11
700,4394,8,0.1
701,1451,6,0.14
702,3154,6,0.09
703,2236,8,0.08
704,2884,6,0.06
705,3522,6,0.26
706,3463,8,0.16
707,4049,8,0.08
708,3828,7,0.23
709,108,8,0.11
710,4211,8,0.21
711,2513,8,0.17
712,4299,7,0.16
713,3042,6,0.19
714,266,7,0.25
715,3003,7,0.12
716,3329,8,0.28
717,1674,6,0.26
718,3444,7,0.06
719,654,7,0.15
720,1349,6,0.27
721,2786,8,0.24
722,527,8,0.27
723,300,7,0.17
724,3825,7,0.09
725,4411,6,0.14
726,1944,7,0.09
727,2459,6,0.07
728,1965,6,0.14
729,706,7,0.07
730,1688,7,0.29
731,4083,6,0.25
732,2069,8,0.21
733,702,8,0.24
734,921,8,0.22
735,247,7,0.17
736,792,8,0.12
737,1660,6,0.26
738,1590,7,0.21
739,1516,8,0.13
740,2044,7,0.21
741,1167,7,0.08
742,4942,6,0.18
743,735,6,0.13
744,1678,8,0.07
745,1487,8,0.19
746,2979,8,0.25
747,449,6,0.25
748,3078,6,0.1
749,1427,6,0.27
750,119,7,0.1
751,2129,6,0.26
752,1251,6,0.06
753,764,6,0.15
754,1350,8,0.1
755,2390,7,0.08
756,3920,6,0.16
757,102,8,0.23
758,4141,7,0.2
759,2064,6,0.25
760,4760,8,0.22
761,1285,6,0.1
762,4832,6,0.27
763,3509,8,0.13
764,625,7,0.26
765,2980,7,0.13
766,2588,7,0.14
767,4172,8,0.26
768,222,7,0.06
769,2154,8,0.29
770,1784,7,0.07
771,4688,6,0.1
772,1135,8,0.08
773,3141,6,0.12
774,1978,7,0.08
775,2516,6,0.2
776,245,7,0.25
777,4979,8,0.13
778,1651,8,0.17
779,3007,8,0.23
780,4175,6,0.26
781,2349,8,0.28
782,2906,7,0.12
783,2930,7,0.11
784,4689,7,0.27
785,4454,8,0.06
786,990,6,0.21
787,425,6,0.17
788,4808,7,0.23
789,2429,6,0.28
790,3393,8,0.11
791,428,6,0.12
792,2944,8,0.19
793,3761,6,0.07
794,1063,7,0.15
795,782,6,0.07
796,3947,6,0.09
797,4511,6,0.05
798,2899,7,0.15
799,4487,7,0.26
800,71,6,0.06
801,4868,6,0.12
802,4893,6,0.28
803,1342,6,0.27
804,466,6,0.28
805,44,8,0.09
806,874,7,0.11
807,937,6,0.17
808,200,6,0.24
809,3960,6,0.13
810,4277,8,0.13
811,1126,7,0.23
812,4169,7,0.23
813,1184,7,0.09
814,2593,6,0.16
815,3712,7,0.07
816,3914,7,0.12
817,1898,7,0.09
818,1055,6,0.11
819,4015,7,0.1
820,2025,8,0.17
821,1337,7,0.24
822,3615,6,0.24
823,1951,6,0.21
824,3593,7,0.08
825,1642,8,0.2
826,4061,6,0.06
827,2210,8,0.19
828,3091,8,0.26
829,3718,8,0.1
830,2039,7,0.29
831,1862,7,0.25
832,1747,7,0.14
833,3903,6,0.08
834,2905,6,0.18
835,3295,7,0.07
836,234,7,0.07
837,2127,8,0.21
838,1807,6,0.25
839,1300,6,0.11
840,3305,8,0.11
841,2330,6,0.09
842,2913,7,0.16
843,2479,7,0.26
844,1092,8,0.1
845,1170,6,0.17
846,3220,6,0.3
847,3103,8,0.29
848,3031,8,0.14
849,2411,7,0.06
850,1675,6,0.29
851,4650,6,0.2
852,4985,8,0.1
853,1797,7,0.13
854,243,7,0.09
855,2076,7,0.21
856,1843,6,0.23
857,4731,6,0.15
858,4274,6,0.3
859,1459,7,0.28
860,3240,6,0.26
861,4094,8,0.1
862,2432,8,0.16
863,3100,7,0.05
864,566,8,0.24
865,1242,7,0.21
866,3183,6,0.24
867,3753,8,0.17
868,4776,8,0.21
869,3164,6,0.2
870,4534,7,0.12
871,1006,7,0.27
872,1094,8,0.05
873,1318,6,0.11
874,3310,7,0.29
875,1351,7,0.1
876,865,8,0.26
877,2616,6,0.27
878,1851,8,0.1
879,4089,8,0.06
880,4597,8,0.1
881,2545,8,0.18
882,2281,7,0.15
883,4425,8,0.16
884,3680,6,0.2
885,1905,7,0.2
886,2882,6,0.25
887,2711,8,0.06
888,2308,7,0.26
889,1404,7,0.23
890,4025,6,0.19
891,4571,8,0.24
892,4810,8,0.17
893,3371,8,0.13
894,4068,8,0.14
895,2234,6,0.28
896,3286,6,0.11
897,2126,7,0.11
898,264,7,0.26
899,67,6,0.24
900,2046,7,0.3
901,3749,8,0.13
902,3901,8,0.13
903,2938,7,0.11
904,2690,8,0.21
905,4917,6,0.11
906,320,6,0.18
907,3634,6,0.23
908,2816,8,0.18
909,3599,7,0.14
910,3335,6,0.13
911,1134,7,0.08
912,4261,6,0.11
913,3793,6,0.1
914,896,8,0.28
915,1708,6,0.16
916,4017,7,0.08
917,594,8,0.11
918,1627,7,0.22
919,432,6,0.19
920,2372,6,0.17
921,2337,7,0.11
922,1599,6,0.15
923,398,6,0.14
924,1723,8,0.18
925,1017,7,0.24
926,4662,8,0.14
927,4594,8,0.15
928,678,6,0.21
929,4455,7,0.1
930,1057,6,0.13
931,4701,8,0.17
932,4153,6,0.21
933,193,7,0.08
934,4920,7,0.09
935,651,7,0.12
936,1565,7,0.27
937,4586,6,0.19
938,460,6,0.09
939,2796,6,0.06
940,602,6,0.25
941,750,7,0.17
942,675,7,0.06
943,4656,7,0.15
944,467,7,0.27
945,2361,7,0.23
946,893,7,0.24
947,90,6,0.29
948,4624,8,0.21
949,2369,6,0.17
950,4416,8,0.12
951,3475,7,0.07
952,4587,7,0.15
953,4096,6,0.24
954,1985,6,0.19
955,1560,8,0.23
956,701,6,0.13
957,2586,6,0.18
958,4260,7,0.29
959,417,6,0.29
960,2615,8,0.08
961,3817,6,0.22
962,1370,6,0.22
963,168,7,0.1
964,1160,7,0.13
965,2501,8,0.27
966,2874,7,0.22
967,4197,6,0.17
968,4648,7,0.14
969,3689,8,0.08
970,2720,8,0.22
971,2900,8,0.14
972,3085,8,0.19
973,2742,8,0.1
974,1584,6,0.13
975,1626,7,0.23
976,4152,6,0.05
977,45,6,0.21
978,2886,6,0.23
979,249,8,0.13
980,2716,8,0.23
981,2285,8,0.09
982,2284,6,0.21
983,4773,8,0.26
984,3011,6,0.22
985,1320,6,0.17
986,4675,6,0.16
987,1915,7,0.21
988,4745,8,0.06
989,99,7,0.17
990,2717,7,0.17
991,1122,6,0.14
992,4479,7,0.3
993,2364,6,0.29
994,2606,8,0.18
995,3492,6,0.3
996,1389,6,0.14
997,4331,7,0.17
998,1131,8,0.11
999,122,7,0.05
1000,2509,7,0.08
1001,622,6,0.07
1002,344,6,0.2
1003,3278,8,0.14
1004,4225,8,0.06
1005,2206,6,0.14
1006,3562,8,0.23
1007,406,6,0.06
1008,700,8,0.26
1009,315,8,0.18
1010,2859,7,0.06
1011,587,8,0.09
1012,304,7,0.06
1013,576,6,0.28
1014,2888,7,0.07
1015,1659,7,0.12
1016,3808,7,0.12
1017,4466,6,0.09
1018,4823,7,0.26
1019,142,8,0.07
1020,2280,6,0.26
1021,2837,7,0.12
1022,2034,8,0.25
1023,2117,8,0.17
1024,2270,6,0.12
1025,3026,6,0.27
1026,378,7,0.15
1027,2741,6,0.29
1028,862,8,0.23
1029,2867,6,0.15
1030,3657,6,0.12
1031,1205,6,0.24
1032,1234,8,0.06
1033,615,7,0.09
1034,4439,6,0.27
1035,2147,8,0.27
1036,1195,6,0.11
1037,1239,6,0.06
1038,532,7,0.11
1039,4448,7,0.28
1040,789,8,0.07
1041,503,8,0.15
1042,666,8,0.3
1043,1325,6,0.06
1044,1597,6,0.28
1045,137,7,0.3
1046,4039,8,0.09
1047,1413,8,0.19
1048,4434,6,0.19
1049,128,7,0.22
1050,1549,7,0.16
1051,4606,8,0.15
1052,4982,8,0.24
1053,3002,7,0.3
1054,3841,6,0.12
1055,2256,8,0.05
1056,3639,8,0.29
1057,2055,7,0.11
1058,333,7,0.07
1059,871,8,0.23
1060,2333,8,0.19
1061,636,8,0.1
1062,3271,7,0.19
1063,1903,8,0.24
1064,1145,7,0.23
1065,2828,7,0.11
1066,1081,8,0.17
1067,4453,6,0.09
1068,230,6,0.11
1069,3476,7,0.28
1070,246,8,0.12
1071,3413,8,0.25
1072,1654,6,0.17
1073,410,7,0.24
1074,188,8,0.16
1075,3656,8,0.22
1076,4440,7,0.24
1077,4865,6,0.11
1078,3388,6,0.18
1079,888,8,0.3
1080,2135,8,0.12
1081,4992,6,0.21
1082,4735,6,0.14
1083,2332,6,0.21
1084,2407,6,0.25
1085,833,8,0.25
1086,1316,8,0.18
1087,1663,7,0.26
1088,777,8,0.28
1089,2959,8,0.13
1090,3798,6,0.2
1091,3918,8,0.16
1092,4043,6,0.1
1093,3391,6,0.2
1094,1864,8,0.19
1095,3210,7,0.12
1096,4944,7,0.08
1097,451,7,0.27
1098,4221,8,0.11
1099,2652,8,0.26
1100,1241,8,0.09
1101,1387,6,0.25
1102,2074,8,0.09
1103,1367,8,0.29
1104,3499,7,0.06
1105,4895,8,0.13
1106,1876,7,0.1
1107,685,6,0.07
1108,3265,8,0.14
1109,399,8,0.22
1110,236,6,0.23
1111,2873,8,0.1
1112,366,6,0.22
1113,1800,8,0.28
1114,2496,8,0.26
1115,575,6,0.19
1116,94,7,0.22
1117,2855,7,0.19
1118,3434,6,0.17
1119,1814,8,0.22
1120,2348,6,0.09
1121,1470,7,0.19
1122,2426,8,0.07
1123,4056,8,0.12
1124,4757,7,0.3
1125,928,8,0.28
1126,2404,6,0.12
1127,1037,6,0.28
1128,4578,8,0.21
1129,1639,7,0.29
1130,1703,8,0.2
1131,578,8,0.3
1132,210,8,0.29
1133,849,7,0.2
1134,739,6,0.08
1135,1128,7,0.27
1136,4778,8,0.19
1137,4581,7,0.22
1138,4404,7,0.18
1139,4536,7,0.09
1140,4796,8,0.23
1141,2087,7,0.26
1142,930,8,0.08
1143,646,8,0.29
1144,3926,7,0.15
1145,4574,8,0.1
1146,4035,8,0.16
1147,11,8,0.28
1148,2779,6,0.28
1149,480,8,0.19
1150,4591,7,0.09
1151,593,6,0.23
1152,468,6,0.08
1153,4428,7,0.3
1154,509,7,0.15
1155,4262,7,0.22
1156,4834,8,0.05
1157,2273,8,0.05
1158,1816,7,0.05
1159,3994,8,0.28
1160,2241,8,0.24
1161,353,8,0.11
1162,4601,6,0.1
1163,3533,8,0.19
1164,3163,7,0.25
1165,1517,6,0.23
1166,1228,7,0.11
1167,4713,8,0.05
1168,4724,6,0.13
1169,4617,7,0.23
1170,3352,6,0.22
1171,2028,7,0.15
1172,278,6,0.18
1173,1013,7,0.21
1174,1381,6,0.13
1175,1206,7,0.13
1176,967,8,0.18
1177,2371,6,0.16
1178,1662,7,0.11
1179,696,8,0.28
1180,4708,6,0.18
1181,4844,7,0.26
1182,3146,8,0.06
1183,3774,8,0.27
1184,2227,7,0.16
1185,1268,8,0.24
1186,1027,8,0.3
1187,3232,6,0.17
1188,4180,7,0.07
1189,2726,6,0.11
1190,3714,8,0.07
1191,362,7,0.22
1192,2743,6,0.29
1193,261,7,0.21
1194,3360,6,0.29
1195,1884,7,0.15
1196,2946,6,0.12
1197,4504,6,0.3
1198,2560,8,0.27
1199,397,6,0.15
1200,1996,7,0.13
1201,3990,7,0.18
1202,2624,7,0.15
1203,1430,6,0.29
1204,2977,7,0.06
1205,4658,6,0.2
1206,1042,7,0.06
1207,498,7,0.06
1208,1572,8,0.19
1209,3710,6,0.25
1210,3635,7,0.11
1211,38,7,0.19
1212,1010,6,0.24
1213,579,7,0.13
1214,2611,7,0.21
1215,3354,7,0.22
1216,254,6,0.07
1217,244,7,0.23
1218,437,8,0.19
1219,1828,6,0.15
1220,4218,7,0.06
1221,4188,6,0.25
1222,2660,6,0.29
1223,4437,7,0.19
1224,2035,6,0.2
1225,1028,7,0.2
1226,1847,7,0.06
1227,1137,6,0.14
1228,3465,6,0.07
1229,309,6,0.06
1230,1412,6,0.24
1231,2578,8,0.13
1232,2094,7,0.07
1233,2158,6,0.16
1234,1364,8,0.07
1235,4362,6,0.15
1236,199,6,0.08
1237,1601,7,0.07
1238,1007,6,0.18
1239,1754,7,0.23
1240,3861,6,0.25
1241,3446,6,0.29
1242,3756,6,0.09
1243,4613,6,0.18
1244,762,6,0.14
1245,4716,8,0.29
1246,1701,8,0.18
1247,3826,8,0.13
1248,1358,7,0.2
1249,1803,7,0.25
1250,2978,7,0.25
1251,3800,7,0.13
1252,4121,8,0.12
1253,3922,8,0.28
1254,2200,7,0.22
1255,3913,7,0.16
1256,4793,6,0.25
1257,4749,8,0.14
1258,2230,7,0.11
1259,796,6,0.06
1260,1479,8,0.24
1261,4296,6,0.26
1262,351,7,0.17
1263,2171,8,0.25
1264,1555,6,0.06
1265,178,8,0.25
1266,3060,8,0.26
1267,2059,6,0.24
1268,2714,6,0.13
1269,1395,8,0.13
1270,3801,8,0.27
1271,2375,8,0.19
1272,4791,8,0.15
1273,730,6,0.23
1274,203,8,0.29
1275,1179,7,0.14
1276,1040,8,0.06
1277,161,8,0.11
1278,4788,6,0.19
1279,1053,6,0.24
1280,4790,6,0.19
1281,4691,7,0.23
1282,2945,6,0.19
1283,1539,8,0.14
1284,1776,8,0.1
1285,4497,7,0.12
1286,3705,6,0.26
1287,3550,7,0.22
1288,2115,8,0.08
1289,4602,7,0.11
1290,1286,8,0.07
1291,1276,6,0.15
1292,1999,6,0.26
1293,1567,6,0.22
1294,2159,6,0.2
1295,4803,7,0.26
1296,4891,7,0.14
1297,2949,8,0.18
1298,1564,7,0.2
1299,2843,7,0.12
1300,4663,6,0.26
1301,2437,8,0.14
1302,2929,8,0.1
1303,12,7,0.22
1304,2485,8,0.22
1305,4076,8,0.19
1306,3540,8,0.11
1307,1631,8,0.18
1308,3836,6,0.26
1309,2448,6,0.1
1310,1232,7,0.09
1311,3125,6,0.08
1312,407,7,0.28
1313,3832,8,0.22
1314,1949,6,0.16
1315,1005,8,0.27
1316,1144,7,0.16
1317,2950,6,0.3
1318,3196,6,0.22
1319,606,8,0.05
1320,20,8,0.23
1321,1637,7,0.12
1322,2374,6,0.13
1323,4114,7,0.28
1324,2810,6,0.18
1325,1178,6,0.1
1326,3111,6,0.09
1327,3989,7,0.3
1328,3627,8,0.28
1329,345,8,0.21
1330,3333,8,0.12
1331,721,6,0.2
1332,1222,7,0.16
1333,365,8,0.28
1334,4999,6,0.1
1335,1890,7,0.08
1336,1362,7,0.18
1337,4767,8,0.09
1338,521,8,0.2
1339,4976,6,0.18
1340,544,6,0.11
1341,3062,8,0.15
1342,2053,8,0.18
1343,917,6,0.18
1344,3777,7,0.08
1345,4418,7,0.18
1346,97,7,0.18
1347,689,8,0.06
1348,140,8,0.28
1349,1315,6,0.14
1350,3407,7,0.28
1351,2031,6,0.25
1352,2529,7,0.24
1353,599,6,0.25
1354,1426,8,0.12
1355,4683,8,0.1
1356,1589,7,0.1
1357,1409,6,0.07
1358,2814,6,0.26
1359,3857,7,0.14
1360,1796,8,0.14
1361,2489,8,0.14
1362,1619,7,0.12
1363,4532,8,0.16
1364,17,7,0.06
1365,3208,7,0.14
1366,1877,6,0.29
1367,3956,8,0.12
1368,1789,7,0.28
1369,3518,7,0.07
1370,2339,7,0.18
1371,2603,6,0.19
1372,4321,7,0.25
1373,1329,7,0.06
1374,2920,8,0.14
1375,4877,6,0.16
1376,3251,7,0.08
1377,761,6,0.3
1378,4095,7,0.23
1379,3745,6,0.15
1380,3189,6,0.06
1381,1449,6,0.07
1382,4431,7,0.06
1383,2901,8,0.11
1384,2972,6,0.06
1385,3408,7,0.12
1386,1726,7,0.07
1387,813,8,0.16
1388,1483,7,0.19
1389,3583,8,0.21
1390,3728,7,0.18
1391,1000,6,0.28
1392,3234,6,0.24
1393,1867,7,0.23
1394,2546,7,0.08
1395,2903,6,0.18
1396,2572,6,0.28
1397,3304,6,0.2
1398,4273,8,0.3
1399,165,8,0.22
1400,2250,7,0.26
1401,2027,6,0.09
1402,4841,7,0.29
1403,3700,7,0.14
1404,4739,7,0.07
1405,567,6,0.13
1406,1551,8,0.11
1407,358,7,0.16
1408,794,7,0.21
1409,3736,7,0.17
1410,911,8,0.13
1411,3939,8,0.29
1412,3439,6,0.23
1413,1376,8,0.17
1414,1110,6,0.21
1415,13,7,0.08
1416,255,6,0.28
1417,742,6,0.23
1418,331,6,0.21
1419,2735,6,0.24
1420,8,7,0.08
1421,2865,8,0.1
1422,28,6,0.07
1423,4173,8,0.21
1424,3120,6,0.17
1425,3133,6,0.26
1426,1038,6,0.29
1427,2184,6,0.11
1428,1553,6,0.25
1429,3073,6,0.15
1430,962,7,0.17
1431,1834,7,0.28
1432,3386,6,0.08
1433,4424,8,0.28
1434,1609,7,0.11
1435,4973,8,0.14
1436,2387,7,0.13
1437,506,6,0.08
1438,4913,8,0.21
1439,4842,7,0.25
1440,4139,8,0.07
1441,757,7,0.06
1442,2697,8,0.11
1443,4618,6,0.05
1444,2803,8,0.12
1445,2856,6,0.27
1446,3649,8,0.08
1447,3188,8,0.3
1448,321,8,0.27
1449,944,6,0.24
1450,3472,6,0.05
1451,1015,8,0.3
1452,3022,8,0.13
1453,2141,7,0.26
1454,918,6,0.19
1455,350,8,0.21
1456,816,8,0.17
1457,2036,8,0.27
1458,889,6,0.17
1459,2835,6,0.12
1460,2477,8,0.24
1461,3390,8,0.08
1462,942,7,0.06
1463,4937,7,0.23
1464,3685,7,0.06
1465,4801,7,0.09
1466,2896,6,0.14
1467,1261,6,0.19
1468,2439,7,0.18
1469,2561,7,0.27
1470,879,7,0.06
1471,2365,6,0.2
1472,2376,8,0.25
1473,3117,6,0.12
1474,3138,6,0.09
1475,3707,8,0.29
1476,1924,6,0.18
1477,4341,6,0.11
1478,3167,8,0.2
1479,931,8,0.22
1480,4764,7,0.19
1481,4907,7,0.05
1482,2536,8,0.13
1483,2166,7,0.06
1484,2181,8,0.21
1485,3451,7,0.11
1486,227,6,0.11
1487,2092,8,0.15
1488,630,6,0.23
1489,2306,7,0.15
1490,1913,6,0.28
1491,3845,6,0.08
1492,3403,6,0.06
1493,2091,7,0.2
1494,133,8,0.09
1495,2703,7,0.15
1496,104,8,0.06
1497,2033,7,0.14
1498,3288,7,0.2
1499,519,6,0.08
1500,3420,8,0.13
1501,864,6,0.21
1502,3864,7,0.23
1503,3350,8,0.16
1504,2700,6,0.11
1505,4054,7,0.06
1506,1343,7,0.28
1507,2320,7,0.14
1508,3398,8,0.22
1509,2362,7,0.14
1510,3882,8,0.28
1511,3645,6,0.28
1512,867,8,0.29
1513,2510,6,0.2
1514,4698,8,0.11
1515,4572,7,0.07
1516,3269,7,0.08
1517,854,8,0.05
1518,112,6,0.16
1519,4400,6,0.16
1520,3322,8,0.09
1521,2187,7,0.1
1522,1152,8,0.07
1523,932,8,0.2
1524,2634,8,0.18
1525,1162,7,0.22
1526,4452,7,0.14
1527,4884,6,0.16
1528,4785,6,0.1
1529,79,6,0.29
1530,2821,8,0.17
1531,265,6,0.23
1532,4259,8,0.07
1533,1693,7,0.21
1534,4117,7,0.08
1535,3248,6,0.15
1536,1510,6,0.14
1537,3571,6,0.14
1538,212,8,0.08
1539,1399,8,0.12
1540,3245,8,0.08
1541,2675,6,0.15
1542,4559,7,0.11
1543,3564,8,0.21
1544,683,7,0.18
1545,1805,7,0.28
1546,1021,7,0.17
1547,3341,7,0.26
1548,53,7,0.17
1549,2497,6,0.06
1550,4512,8,0.16
1551,2265,6,0.17
1552,4612,6,0.17
1553,2712,7,0.12
1554,1664,7,0.08
1555,2434,6,0.05
1556,4353,8,0.21
1557,1340,7,0.24
1558,4974,6,0.22
1559,61,6,0.22
1560,3323,7,0.21
1561,698,8,0.23
1562,2328,7,0.26
1563,2623,6,0.15
1564,1360,8,0.06
1565,3675,8,0.09
1566,3500,7,0.14
1567,18,8,0.25
1568,3016,6,0.17
1569,3941,6,0.09
1570,124,8,0.1
1571,2157,8,0.24
1572,3140,8,0.1
1573,1494,6,0.16
1574,113,6,0.29
1575,4886,6,0.17
1576,1384,6,0.2
1577,1844,6,0.16
1578,633,6,0.23
1579,4040,6,0.11
1580,1676,6,0.08
1581,4550,8,0.16
1582,453,8,0.17
1583,1313,7,0.23
1584,490,7,0.19
1585,1892,6,0.06
1586,3758,7,0.1
1587,4548,8,0.2
1588,2557,7,0.25
1589,1344,7,0.26
1590,2787,8,0.29
1591,2937,6,0.22
1592,3771,8,0.29
1593,829,7,0.19
1594,664,8,0.28
1595,390,7,0.17
1596,2728,8,0.15
1597,3072,7,0.27
1598,1039,7,0.05
1599,3751,7,0.14
1600,4741,7,0.22
1601,1713,8,0.22
1602,545,6,0.2
1603,780,8,0.1
1604,2755,6,0.15
1605,626,6,0.09
1606,1270,6,0.19
1607,2079,6,0.3
1608,1962,6,0.14
1609,1725,8,0.17
1610,2492,7,0.07
1611,2345,7,0.08
1612,4489,7,0.23
1613,1477,8,0.25
1614,214,7,0.24
1615,1534,7,0.07
1616,4230,7,0.11
1617,4677,6,0.23
1618,56,6,0.2
1619,2291,7,0.25
1620,83,6,0.15
1621,2766,7,0.27
1622,4967,6,0.2
1623,343,8,0.14
1624,2384,6,0.19
1625,1226,8,0.17
1626,3987,6,0.29
1627,3978,7,0.05
1628,1482,7,0.19
1629,802,8,0.07
1630,70,8,0.22
1631,3709,6,0.14
1632,799,6,0.22
1633,3261,6,0.19
1634,715,7,0.23
1635,3479,7,0.13
1636,645,8,0.16
1637,4978,7,0.14
1638,3347,8,0.22
1639,3925,7,0.3
1640,1986,8,0.29
1641,2488,6,0.09
1642,4700,7,0.21
1643,3669,6,0.08
1644,135,6,0.14
1645,3984,8,0.18
1646,1919,7,0.17
1647,1521,6,0.16
1648,1210,7,0.07
1649,2798,8,0.28
1650,3365,6,0.14
1651,375,6,0.28
1652,2989,8,0.28
1653,63,8,0.21
1654,4826,6,0.25
1655,970,8,0.15
1656,4637,7,0.21
1657,978,8,0.1
1658,883,7,0.27
1659,3128,7,0.15
1660,2795,8,0.15
1661,2242,6,0.17
1662,4255,8,0.07
1663,4170,8,0.11
1664,2243,7,0.13
1665,1503,8,0.18
1666,147,8,0.14
1667,4450,6,0.08
1668,4155,8,0.28
1669,2674,8,0.16
1670,2548,6,0.14
1671,464,7,0.21
1672,923,7,0.12
1673,3318,8,0.15
1674,2188,6,0.24
1675,3726,8,0.06
1676,3698,7,0.14
1677,2780,7,0.2
1678,1193,6,0.22
1679,1625,7,0.27
1680,3741,7,0.13
1681,3563,7,0.17
1682,4669,8,0.28
1683,3158,7,0.15
1684,3010,7,0.11
1685,393,7,0.16
1686,3182,6,0.15
1687,1588,7,0.18
1688,1139,6,0.27
1689,4646,8,0.07
1690,1074,8,0.08
1691,166,7,0.29
1692,472,7,0.13
1693,162,7,0.18
1694,537,8,0.15
1695,1602,7,0.14
1696,3952,6,0.23
1697,609,8,0.06
1698,4903,6,0.2
1699,3867,6,0.1
1700,4075,8,0.25
1701,4032,6,0.25
1702,3895,8,0.23
1703,3330,8,0.24
1704,3089,6,0.25
1705,1871,6,0.17
1706,920,7,0.26
1707,4838,8,0.07
1708,1100,8,0.05
1709,960,8,0.16
1710,4634,8,0.23
1711,4851,8,0.3
1712,2199,7,0.22
1713,3934,8,0.08
1714,1577,8,0.14
1715,4890,7,0.18
1716,614,7,0.13
1717,3165,6,0.14
1718,3976,6,0.24
1719,4636,8,0.29
1720,1702,8,0.19
1721,2179,6,0.22
1722,3190,6,0.24
1723,2892,6,0.21
1724,1721,8,0.17
1725,1929,7,0.29
1726,4718,7,0.24
1727,549,6,0.13
1728,1371,7,0.29
1729,3428,8,0.3
1730,4911,6,0.24
1731,1781,8,0.28
1732,1838,8,0.09
1733,3378,8,0.08
1734,4806,6,0.06
1735,3484,7,0.14
1736,3239,8,0.15
1737,3877,7,0.19
1738,4563,7,0.15
1739,3199,8,0.1
1740,3395,6,0.26
1741,4781,6,0.1
1742,2132,7,0.12
1743,287,6,0.13
1744,4949,8,0.08
1745,2589,6,0.17
1746,2297,6,0.22
1747,2514,8,0.24
1748,2004,8,0.13
1749,2103,6,0.19
1750,1916,6,0.2
1751,3964,6,0.11
1752,4066,7,0.09
1753,2067,7,0.14
1754,3552,7,0.05
1755,1422,6,0.07
1756,1894,6,0.3
1757,4082,7,0.08
1758,2708,8,0.05
1759,4670,6,0.17
1760,2173,6,0.18
1761,637,8,0.15
1762,2010,7,0.22
1763,3486,8,0.22
1764,411,7,0.18
1765,4615,8,0.18
1766,2425,6,0.3
1767,4710,7,0.23
1768,3837,6,0.18
1769,4703,6,0.07
1770,3985,8,0.18
1771,3186,7,0.05
1772,1743,7,0.07
1773,2655,6,0.08
1774,296,6,0.19
1775,4432,7,0.05
1776,1593,6,0.26
1777,658,7,0.2
1778,2599,6,0.13
1779,2883,6,0.25
1780,2118,6,0.18
1781,1931,7,0.24
1782,3608,7,0.11
1783,618,7,0.29
1784,3955,6,0.17
1785,3373,8,0.25
1786,2895,8,0.25
1787,2672,8,0.07
1788,3289,7,0.17
1789,4058,7,0.08
1790,19,7,0.13
1791,1552,7,0.16
1792,1014,8,0.3
1793,910,8,0.21
1794,2276,8,0.12
1795,1939,7,0.07
1796,4284,8,0.19
